Name,Tags,Type,Address,Website,Instagram,Description
Agas & Tamar,Jewelry; Artisan; Luxury,Store,"43 Shabazi St, Tel Aviv",https://agasandtamar.com/,,"Since 1998, a Tel Aviv jewelry institution."
Alef Alef,Artisan; Minimalist,Store,"9 Ashtori HaFarhi St, Tel Aviv",https://www.alefalef.co.il/,,"Contemporary womenswear with a focus on quality, considered design, and the enduring appeal of the everyday."
Alembika,Artisan; Minimalist; Sustainable; Size Inclusive,Store,"87 Ibn Gvirol St, Tel Aviv (+4 more)",https://alembika.co.il/,,"Founded in 2005 by designer Hagar Alembik (Shenkar) and anthropologist Dr. Judy Padlon. Timeless, size-inclusive womenswear plus an avant-garde line of leather bags, produced in small exclusive runs across 14 Israeli branches and thousands of boutiques worldwide."
All At Once,Streetwear; Edgy; Minimalist,Store,"At En Culture, 19 Lilienblum St, Tel Aviv-Yafo",https://allatonce.store/,,"A Tel Aviv collective founded by Ilay Henriksen and Noam Segev in 2021, driven by family and friendship. Story-led drops and collections overseen end to end, from meticulous cuts to uncompromising quality. Everything, everyone, everywhere."
Aluma,Knitwear; Artisan; Sustainable,Online only,,https://alumafashion.com/,,"Beautiful colorful handmade knitwear, amazing one of a kind clothing, slow fashion at its most considered."
Anat Friedman,Artisan; Minimalist,Store,"6 Betzalel St, Jerusalem",https://anatfriedman.com/,,"Precise, quietly elegant womenswear. Anat Friedman's designs speak in restraint, each piece a study in deliberate simplicity."
Andro Lomusia,Artisan; Conceptual,Online only,,https://androlomusia.com/,,"Established in 2021 and rooted in personal struggle and pain, Androlomusia reflects and reacts to the industry, societal norms, and current world events, building something new with no biases attached."
Anjaly,Activewear; Minimalist,Store,"10 Mikveh Israel St, Tel Aviv",https://anjaly.com/,,"Effortless unisex loungewear and activewear for women and men, from yoga mat to street, comfort without compromise."
Artwear,Prints; Artisan,Store,"71 HaNadiv St, Herzliya",https://artwear.co.il/,,"Wearable art through bold, original prints. Each Artwear piece turns the body into a canvas, vivid, unapologetic design."
Assaf Peleg,Luxury; Artisan,Store,"119 Dizengoff St, Tel Aviv (+1 more)",https://www.assafpelleg.com/,,"Designing for the elegant, multi-faceted woman, garments born from emotion and a deep belief in personal style. Assaf Peleg sees the woman before he sees the fabric."
Assemble,Streetwear; Minimalist,Online only,,https://assembleofficial.com/,,"Contemporary streetwear with a tightly considered aesthetic, Assemble designs garments that read clean, modern, and distinctly local."
Atawear,Heritage; Streetwear,Store,"93 Allenby St, Tel Aviv (+1 more)",https://atawear.co.il/,,"A revival of Israel's iconic ATA textile brand, first founded in 1935. The original 'Made in Israel' spirit, workwear heritage reimagined for contemporary street culture."
Aviva Zilberman,Luxury; Artisan,Store,"23 Melchett St, Tel Aviv",https://avivazilberman.com/,,A high-end ready-to-wear house founded 2008.
Ayala Vitkon,Jewelry; Artisan,Online only,,https://ayalavjewelry.com/,,Sophisticated handmade jewelry from Ayala Vitkon's studio.
Ayoola,Artisan; Minimalist,Online only,,https://ayoola.co.il/,,"Ayelet's brand, specialising in designing and manufacturing bralettes for women."
BANANHOT,Swimwear; Prints,Online only,,https://bananhot.co.il/,,"High-quality swimwear with flattering, cheeky cuts and super-creative patterns."
Barbatana,Streetwear; Edgy; Prints,Online only,,https://barbatana.shop/,,"A streetwear label trading in cheeky local humor, Barbatana's tees lean on Hebrew puns, in-jokes, and a distinctly Israeli sense of mischief."
Bazz and Lutra,Artisan; Jewelry; Luxury,Online only,,https://bazzandlutra.com/,,"Handcrafted fashion, jewelry, accessories, and home decor, blending classic tradition with a contemporary edge."
Bein Lebein,Artisan; Minimalist,Online only,,https://www.beinlebein.com/,,"A multidisciplinary label built around hand-screenprinted cotton, heavy-weight natural fabrics (200-400gsm), and small-batch local production."
Bewear,Activewear; Minimalist,Online only,,https://bewear.co.il/,,"A dancewear brand built around the idea that once you're a dancer, you're a dancer forever."
Biliblond,Swimwear,Store,"1 Yordei HaSira St, Tel Aviv Port",https://biliblond.com/,,"Swimwear and beachwear with a playful spirit, designed for the Mediterranean lifestyle."
Blueberry TLV,Artisan; Minimalist,Online only,,https://blueberrytlv.co.il/,,"A fresh Tel Aviv label with a playful, considered approach to everyday womenswear, vibrant, wearable, and distinctly local."
Bow M,Artisan; Minimalist,Online only,,https://bow-m.com/,,"A label working in considered, modern silhouettes, quiet pieces with a careful hand."
Bracha Baron,Artisan; Luxury,Store,"255 Dizengoff St, Tel Aviv",https://www.baroncollection.com/,,"Clean, urban, refined womenswear for a wide range of ages, in dialogue with international trends and balancing comfort with quality."
Bring Wear,Streetwear; Minimalist,Online only,,https://bringwear.co.il/,,"Unisex everyday wear with a relaxed, contemporary sensibility, Bring Wear builds pieces meant to travel from morning to night without changing."
Chopshop Corp,Streetwear; Edgy; Prints; Menswear,Store,"81 Dizengoff St, Tel Aviv (+3 more)",https://www.chopshop.co.il/,,Unorganized. Unruly. Unmissable.
Ciporkin by Dalit,Artisan; Minimalist; Prints,Store,"By appointment, Tel Aviv",https://www.ciporkin.com/,,"Bauhaus Tel Aviv meets Japanese aesthetics. Geometric, architectural cuts in flowing fabrics, asymmetric, monochromatic, textured."
Co.Co,Artisan,Store,"7 Kehilat Venezia St, Tel Aviv",https://collectivecollection.co.il/,,"Collective Collection, a collaborative womenswear label where strong individual voices become a unified design statement."
Comme il Faut,Artisan; Minimalist; Prints; Heritage,Store,"28 Levontin St, Tel Aviv (+3 more)",https://www.comme-il-faut.com/,,"Original, artistic womenswear, monochromatic palettes, unexpected textures, and asymmetric construction. Comme il Faut dresses the woman who refuses the obvious."
Con.fail,Streetwear; Edgy; Artisan,Online only,,https://www.con.fail/,,"A label working in a streetwear-meets-conceptual register, playful, slightly off-kilter pieces that break the rules on purpose."
Cor-e,Artisan; Minimalist,Online only,,https://www.cor-e.co.il/,,"Womenswear in clean, considered silhouettes designed for soft layering and easy wear."
Cottna,Lingerie; Sustainable,Online only,,https://www.cottna.co.il/,,"Period and everyday underwear in soft cotton, Cottna designs reusable, leak-proof basics built for comfort, sustainability, and real life."
Cotton,Sustainable; Minimalist,Store,"218 Dizengoff St, Tel Aviv (+11 more)",https://cottonet.co.il/,,"Three decades of womenswear built on natural fabrics, local production, and unwavering quality."
Dalit Peer,Artisan; Minimalist,Online only,,https://dalitpeer.com/,,"Womenswear by designer Dalit Peer, soft, considered silhouettes with a quiet, contemporary hand."
Dana Ashkenazy,Artisan; Minimalist,Store,"Ramat Aviv Mall, Tel Aviv (+1 more)",https://www.danaashkenazi.com/,,"Easy, considered womenswear for the modern everyday, designed with an eye for proportion and a commitment to quiet confidence."
Dodo Bar Or,Luxury; Prints; Artisan,Online only,,https://www.dodobaror.com/,,Tel Aviv's most internationally celebrated bohemian label.
Dorin Frankfurt,Artisan; Minimalist; Heritage,Online only,,https://www.dorinfrankfurt.com/he,,"One of Israel's most recognised fashion names, Dorin Frankfurt's work blends European sophistication with a distinctly Israeli sensibility."
Dorit Sade,Artisan,Online only,,https://www.doritsade.com/,,"Womenswear with quiet originality, Dorit Sade designs for women who dress with intention and wear their clothes on their own terms."
Doron Ashkenazi,Artisan; Luxury,Online only,,https://doronashkenazi.com/,,"Designer Doron Ashkenazi's eponymous label, considered, refined womenswear with a sharp eye for proportion and finish."
Dostix,Streetwear,Store,"25 Tchernihovsky St, Tel Aviv",https://dostix.com/,,"Blending modern urban life with practical, dynamic design. The Dostix brand has established international selling points across Europe, Japan, and the USA."
Eladan,Artisan; Minimalist,Online only,,https://www.eladan.co.il/,,Thoughtful everyday pieces made with care and a contemporary hand.
Flo by Ella Braitman,Artisan; Luxury,Store,"16 Yehuda Margoza St, Jaffa",https://flobyella.com/,,"High-quality women's fashion in limited series, with fine European fabrics."
Fly Rooster,Sustainable; Artisan; Accessories,Online only,,https://www.flyrooster.co.il/,,"Textile artist Ofir Yaakobi rescues retired industrial materials, parachutes, climbing ropes, safety harnesses, sails, and turns them into handmade fashion pieces, each carrying a new story."
Forest,Streetwear; Prints; Sustainable,Online only,,https://www.forest-tlv.com/,,"Tel Aviv's green lung of fashion, drawing from forests, oceans, and outdoor culture."
Frau Blau,Artisan; Prints; Luxury,Online only,,https://www.fraublau.haus/,,"Tel Aviv label by designer Helena Blaunstein, maximalist womenswear with a strong sense of print, color, and storytelling."
Frett,Knitwear; Sustainable; Minimalist,Store,"77 Frishman St, Tel Aviv",https://frett.life/,,"A designer knitwear studio: timeless design, fine natural fibres, responsible production in limited quantities. Minimalistic, effortless pieces ethically crafted in Europe."
Gala,Artisan; Minimalist,Online only,,https://www.galalabel.com/,,"A womenswear label with a refined, contemporary point of view, considered silhouettes and quietly confident essentials."
Galler,Prints; Artisan,Store,"5 Alkalai St (Bazel Complex), Tel Aviv",https://gallerdesign.com/,,"Women's fashion with bold patterns, optimistic prints, and playful asymmetry. Galler brings colour and joy to the fashion scene."
Gartenbanken Shoes,Accessories,Online only,,https://gartenbankshoes.com/,,"Women's shoes and sandals, considered, wearable, and crafted for the streets of Tel Aviv."
Gelada,Prints; Streetwear,Online only,,https://flygelada.com/,,"An illustration, design, and culture studio making its own tees, prints, and paraphernalia, designed like souvenirs from destinations around the globe and the themes that inspire it."
Gertrud,Artisan; Prints,Store,"77 Frishman St, Tel Aviv (+2 more)",https://gertrudshop.com/,,"Classy, comfortable womenswear."
Gon Surfing,Surf; Streetwear,Store,"4 Sheinkin St, Tel Aviv",https://houseofgon.com/,,Tel Aviv surf culture meets street fashion. Oversized silhouettes for women and men who live between the ocean and the city.
Gottex,Swimwear; Heritage; Luxury,Store,"62 Anilevich St, Yad Eliyahu, Tel Aviv (+3 more)",https://gottex.co.il/,,Israel's most iconic swimwear house since 1956 - Gottex dressed Hollywood and royalty long before the country had a fashion industry.
Hadas Mor,Lingerie; Swimwear,Online only,,https://hadasmor.com/,,Thoughtful breathing lingerie brand based in Pardes Hanna.
Hagar Satat,Artisan; Luxury,Online only,,https://www.hagar-satat.com/,,"Hagar Satat — considered, sculptural womenswear with a refined, modern hand."
Hagit Tassa,Artisan; Minimalist,Store,"214 Dizengoff St, Tel Aviv (+6 more)",https://hagitassa.com/,,"Contemporary womenswear focused on denim and versatile day-to-night dressing, clean lines, confident construction."
Hagomels,Streetwear; Edgy; Minimalist,Online only,,https://hagomels.com/,,"Independent label, small-batch, considered pieces with a quiet, modern hand."
Haia,Artisan,Online only,,https://www.haia.co.il/,,"Contemporary womenswear with a considered, creative approach."
Haptic Path,Artisan; Conceptual,Online only,,https://shop.hapticpath.com/,,"A studio working at the intersection of craft, material, and form - tactile, considered objects."
Heroic,Artisan; Minimalist,Store,"14 Mikveh Israel St, Tel Aviv",https://heroic-online.com/,,"Womenswear built around the perfect pair of pants - comfortable, flattering fits that carry you from morning to night without compromise."
Hila Feinberg,Minimalist; Artisan,Store,"Givat Haim Ihud (studio, by appointment)",https://hilafeinberg.com/,,"Minimalist, oversize womenswear for those who dress with intention. Hila Feinberg creates space for the woman inside the garment."
Hila Shemesh,Artisan; Minimalist,Online only,,https://hilashemesh.com/,,"Womenswear with a careful, artisan-led approach, each piece considered, each season deliberate. Hila Shemesh designs for the woman who values craft over noise."
Holyland Civilians,Streetwear; Edgy; Activewear,Store,"30 Sheinkin St, Tel Aviv (+1 more)",https://holylandcivilians.com/,,"Edgy Mediterranean streetwear and activewear with a clubwear edge, designed for all genders, for the track, the rave, and everywhere between."
Hosh Studio,Artisan; Minimalist,Online only,,https://hosh-studio.com/,,"Children's clothing studio by Noy Shapira - vintage-inspired, shaped by everyday life as a mother. Bold color, ease, and a non-gendered approach."
House of Jaffa,Artisan; Luxury,Online only,,https://www.houseofjaffa.shop/,,"House of Jaffa, considered fashion with a refined, design-led point of view, rooted in the spirit of its namesake city."
House of Shine,Luxury; Artisan; Prints,Online only,,https://www.houseofshine.co.il/,,"House of Shine, occasion-wear with shimmer, sequins, and statement silhouettes for the nights you want to be seen."
IDEE,Artisan; Minimalist,Online only,,https://idee.co.il/en,,"Rooted in idea, IDEE creates womenswear that lives in the space between structure and ease, with a clean, modern sensibility."
Inhale Exhale,Sustainable; Artisan; Activewear,Online only,,https://www.inhaleexhale.co.il/,,"Israel's first yoga muslin blanket, soft, natural, breathable."
Jessa Grey,Minimalist; Artisan; Size Inclusive,Online only,,https://jessagrey.com/,,"Size-inclusive basics, oversized, comfortable, and endlessly versatile."
Jetski Fashion,Streetwear; Edgy,Online only,,https://jetskifashion.com/,,Born from a deep desire to encourage people to embrace their uniqueness.
Jin-G,Streetwear; Artisan,Online only,,https://jin-g.co.il/,,"Jin-G, a contemporary label working in a relaxed streetwear register with a considered, design-forward eye."
Jollori,Artisan; Prints,Online only,,https://www.jollori.com/,,"Independent studio, playful, considered pieces with an artistic sensibility."
JOR-D,Streetwear; Edgy; Artisan,Online only,,https://jor-d.com/,,"Every garment is a canvas, every design a message."
Jul Fashion,Minimalist; Artisan,Online only,,https://julfashion.com/,,"Independent womenswear, modern, wearable pieces designed for layering and long use."
Justine Hats,Accessories; Artisan,Online only,,https://justinehats.com/,,"Millinery, handcrafted hats for every occasion and every mood."
Kaisra Design,Artisan; Luxury,Online only,,https://www.kaisradesign.com/,,"Born from the search for a precise balance - garments that feel like a second skin, wrapping and exact, letting you project presence effortlessly."
Karen Mizrahi,Artisan; Luxury,Online only,,https://karenmizrahi.co.il/,,"Womenswear for day and night, elegant, wearable, and considered. Karen Mizrahi designs with confidence and a deep understanding of the modern woman's wardrobe."
Karen Shavit,Prints; Artisan; Size Inclusive,Online only,,https://karen-shavit.com/,,"Fun, colourful, and size-inclusive womenswear with a joyful, optimistic spirit. Karen Shavit designs for real women who want to be noticed, and to feel good doing it."
Kedem Sasson,Artisan; Luxury,Online only,,https://www.kedem-sasson.com,,"Dramatic, sculptural womenswear, Kedem Sasson designs garments that command a room, with architectural precision and an unapologetic sense of theatre."
Keren Wolf,Accessories; Artisan,Online only,,https://kerenwolf.co.il/,,"Keren Wolf, an accessories label known for handcrafted bags and shoes with a sculptural, contemporary point of view."
Kianne Frankfurt,Artisan; Luxury,Online only,,https://kiannefrankfurt.com/,,"Designer Kianne Frankfurt, womenswear with a refined, considered hand and a focus on craft and material."
Kid A,Minimalist; Artisan; Prints; Size Inclusive,Online only,,https://thisiskida.com/,,"Size-inclusive basics and bold prints, Kid A is for the woman who believes in comfort as a political act."
Kimka Studio,Artisan; Sustainable,Online only,,https://kimka-studio.com/,,"Kim Dror's studio specialises in indigo-dyed clothing and textiles, informed by traditional Japanese mastery and global indigo cultures."
Kisim,Accessories,Store,"11 Barzilai St, Tel Aviv",https://kisim.com/he/,,"Bags, wallets, purses, and backpacks with a distinctive design sensibility, functional objects made beautiful."
Lara Rosnovsky,Artisan; Prints; Swimwear,Online only,,https://www.lararosnovsky.com/,,"Kimono-inspired, colourful, and deeply feminine, Lara Rosnovsky's patterned loungewear and beachwear bring a romantic, painterly quality to the everyday wardrobe."
Layou,Minimalist; Artisan; Size Inclusive,Online only,,https://layoudesign.com/,,"Size-inclusive womenswear built on oversize silhouettes, textured fabrics, and considered minimalism, designed for real wardrobes, real women, and the full spectrum of occasions."
Lazyeyeppl,Streetwear; Edgy; Artisan,Online only,,https://lazyeyeppl.com,,"A Tel Aviv label with a distinctive editorial eye, considered, original work that refuses easy categorisation."
Liah by Liat Raziel,Artisan; Prints,Online only,,https://www.liah-online.com/,,Liat Raziel designs from a belief that fashion is both a necessity and self-expression.
Lika Swimwear,Swimwear; Artisan,Online only,,https://likaswimwear.com/,,"Swimwear designed for real bodies and Mediterranean summers - flattering cuts, modern silhouettes."
Luka Chari,Menswear; Minimalist,Online only,,https://lukachari.co.il/,,"Men's basics, born from a search for clothes that feel truly right."
Maayan Paz,Minimalist; Artisan,Store,"30 Yehuda Margoza St, Jaffa (+1 more)",https://maayanpaz.co.il/,,"Womenswear since 2012, minimalist lines, flattering cuts, and luxurious fabrics."
Macchia Studio,Activewear; Sustainable; Artisan,Online only,,https://macchiastudio.com/,,"Natural tie-dye, organic fabrics, and ethically produced activewear and loungewear - Macchia Studio blends an earthy, free-spirited aesthetic with a conscious approach to production."
Madam Bubu,Artisan; Minimalist; Size Inclusive,Online only,,https://madambubu.com/,,"Relaxed, achromatic, and body-celebrating - Madam Bubu designs clothes that feel like they already know you."
Made by Har,Artisan; Minimalist,Online only,,https://madebyhar.com/,,"Independent label by designer Har, small-batch womenswear made with care, with a quiet, contemporary hand."
Magia,Streetwear; Edgy; Prints,Online only,,https://www.magiaworldwide.com/,,"Tshirts, prints, creative edgy designed tshirts and more"
Maim Jewelry,Jewelry; Artisan,Online only,,https://www.maimjewelry.com/,,"A jewelry studio of delicate, considered pieces inspired by water and natural form."
Maskit,Artisan; Heritage; Luxury,Online only,,https://maskit.com/,,"Founded in 1954 by Ruth Dayan, Maskit is Israel's first and only haute couture house, preserving traditional crafts while dressing the world's most influential women."
Maya Bash,Artisan; Minimalist,Online only,,https://www.mayabash.com/,,"A minimalist, gender-neutral practice where precise tailoring meets conceptual innovation, designed in close dialogue with cultural and artistic contexts and rooted in sustainability and socially conscious values."
Maya Negri,Artisan; Minimalist,Online only,,https://mayanegri.com/,,"Womenswear designed in soft, considered silhouettes with a quiet, contemporary hand."
Mishi,Artisan; Minimalist,Store,"50 HaTzabar St, Tel Mond",https://mishi.style/,,"A curated boutique founded in spring 2016, devoted to a hand-picked team of Israeli women designers alongside select imports. Mishi is built on three principles: a high frequency of new arrivals, precise curation, and the feeling that someone's always there for you."
Mishimono,Artisan; Minimalist,Online only,,https://mishimono.com/,,"Womenswear with a Japanese-inflected sensibility. Mishimono works in considered silhouettes, soft layering, and a quiet, modern hand."
Miss Nori,Artisan; Minimalist,Online only,,https://missnori.com/,,"Easy, wearable pieces with a soft, feminine sensibility and considered everyday silhouettes."
Mors,Artisan; Luxury,Online only,,https://morsdesigners.com/,,"Mor Hemed's Tel Aviv design house walks the line between art and fashion, denim art, sculptural dresses, and tailored suits made in small editions."
Muslin Brothers,Conceptual; Artisan,Online only,,https://www.muslinbrothers.com/,,"Founded in Tel Aviv in 2011 by Tamar Levit and Yaen Levi, now based in Brussels."
Myki Boutique,Minimalist; Artisan,Online only,,https://mykiboutique.com/,,A small boutique label - understated everyday pieces designed for soft layering and easy living.
Mystified Labor,Artisan; Conceptual,Online only,,https://mystifiedlabor.com/,@mystified.labor,"A conceptual label, pieces that turn process into form, working at the edge of fashion and art."
Nataly Shevilly,Artisan; Luxury,Online only,,https://natalyshevilly.co.il/,,"Designer label by Nataly Shevilly - elegant, occasion-ready pieces with a feminine, considered hand."
Neta Efrati,Luxury; Artisan,Online only,,https://netaefrati.com/,,"Evening-wear designer with a flagship on Dizengoff Square - Neta Efrati specializes in occasion dresses, jumpsuits, and tailored suits with a precise, considered hand."
NewG Lingerie,Lingerie; Activewear; Size Inclusive,Online only,,https://newglingerie.com/,,"Founded by Alex, NewG exists to solve the lingerie problem for larger cup sizes who want pretty, comfortable and supportive bras."
Nina by Mili,Artisan; Minimalist,Online only,,https://www.ninabymili.com/,,"Soft, feminine sensibility and contemporary tailoring."
Nine to Five TLV,Accessories; Minimalist,Online only,,https://ninetofivetlv.com/,,"Tel Aviv eyewear born from a small dream - making stylish, quality frames accessible at every price point."
Ofir Ivgi,Artisan; Prints,Online only,,https://ofirivgi.com/,,"Tel Aviv-based womenswear and menswear with a graphic, expressive hand, printed dresses, embroidered caps, silk ties."
Ofnat Bracha,Artisan; Minimalist,Online only,,https://www.ofnatbracha.com/,,Designer Ofnat Bracha young and fun
OM-ME,Activewear; Sustainable; Minimalist,Online only,,https://www.ommetlv.com/,,Tel Aviv activewear and basics for the in-between moments.
Omer Ash,Artisan; Minimalist,Online only,,https://omerash.com/,,"Founded in 2022 in Atlit by Omer Ash at 18, a self-taught designer who learned sewing and pattern-making at home."
On'nanoko,Artisan; Minimalist; Menswear,Online only,,https://www.onnanoko.co.il/,,"Seasonal fashion from Kibbutz Ma'agan Michael, collections like ECLIPSE and PULSE that push a refined, considered aesthetic for women and a growing menswear line."
101 Brand Jeans,Streetwear; Minimalist,Online only,,https://101brandjeans.com/,,"A denim label, everyday jeans designed for fit, comfort, and a clean, modern silhouette."
Ori Tamir,Jewelry; Artisan,Online only,,https://www.oritamir.com/,,"Self-taught silversmith Ori Tamir works in 925 silver, without molds - each piece treated as its own object with its own respect."
Orly Yaron,Artisan; Minimalist,Online only,,https://www.instagram.com/orlyyaron/,,"Designer Orly Yaron's eponymous label, independent womenswear with a personal, considered point of view."
OT Couture,Luxury; Artisan; Prints,Online only,,https://ot-couture.com/,,"Sometimes a single letter tells the whole story. OT Couture, Hebrew for 'Letter Couture', sits at the intersection of fashion, design, and typography."
OZ Capsule,Minimalist; Sustainable,Online only,,https://ozcapsule.com/,,"A capsule-wardrobe philosophy - OZ Capsule builds tightly edited collections of considered essentials, made to last across seasons."
Palms and Tigers,Prints; Artisan,Store,"55 Hahalutzim St, Tel Aviv",https://palmsandtigers.info/,,"A prints collection inhabiting a world of ancient ruins, Greek statues, botanical elements and exotic animals."
Pasiim,Artisan; Prints,Online only,,https://pasiim.com/,,"Textured fabrics, hand-finishes and a playful but grounded approach to print and pattern."
Pattern Streetwear,Streetwear; Prints,Online only,,https://patternstreetwear.com/,,Streetwear rooted in bold pattern and graphic design - standout pieces for those who wear their personality on their sleeve.
Petit Pois Studio,Artisan; Minimalist,Online only,,https://petitpoistudio.co.il/,,"A small design studio with a soft, considered aesthetic - Petit Pois makes thoughtful pieces in limited runs."
Pioo Pioo,Artisan; Luxury; Prints,Online only,,https://pioopioo.com/,,"Founded in 2008 by Mor Valin (Shenkar), Pioo Pioo became an overnight phenomenon in Israeli fashion."
Plazmalab,Streetwear; Edgy; Prints; Activewear,Online only,,https://plazmalab.com/,,An artist collective making psychedelic and urban tribe clothing - handmade in-house with a true passion for art.
Raven,Activewear; Minimalist,Online only,,https://raven.co.il/,,Built to flatter the female body and stay comfortable from gym to street to office.
Reggie Studio,Artisan; Jewelry,Online only,,https://reggiestudio.com/,@reggie_jewelry,"Handmade, high-end lifestyle jewelry by Reut Galili, launched in Tel Aviv in 2016. Bold, unisex, and avant-garde, each piece is sculpted like architecture for the body, drawing on natural forms, lava, wood, rock, and coral, in recycled silver, gold, pearls, stones, and diamonds."
Ripple Yoga Wear,Activewear; Sustainable; Minimalist,Online only,,https://rippleyogawear.com/,,"Yoga and movement wear designed for flow - soft, breathable fabrics in calm, considered palettes for studio and everyday."
Rona Clogs,Accessories,Online only,,https://ronaclogs.co.il/,,Swedish wooden clogs reimagined for Israel.
Roni Bar,Artisan; Minimalist,Store,"84 Ben Zvi Rd, Tel Aviv",https://www.ronibar.com/,,Wear Yourself - Roni Bar's Tel Aviv studio (84 Ben Zvi Rd) crafts womenswear that moves with its wearer.
Rosery Jewelry,Jewelry; Artisan,Online only,,https://roseryjewelry.com/,,"Handcrafted jewelry, delicate, considered pieces designed for everyday wear."
SAAG,Artisan; Streetwear; Accessories,Online only,,https://saag.co.il/,,"Contemporary womenswear and accessories - tops, dresses, pants, skirts, and a strong accessories offering including hats, bags, and earrings."
Saisei,Sustainable; Artisan; Minimalist,Online only,,https://wearesaisei.co.il/,,"Saisei - meaning rebirth in Japanese - label rooted in regeneration: considered fabrics, mindful production, and clothes designed to be lived in for years."
Sdom TLV,Streetwear; Edgy; Prints,Online only,,https://sdomtlv.com/,,"Streetwear by Stav Greenhouse - illustration, design and street culture woven into one visual language."
Semek Studio,Artisan; Conceptual,Online only,,https://semekstudio.com/,,"For those who still believe in love, for those who gave up on it."
7 Generations,Sustainable; Artisan,Online only,,https://7generations.co.il/,,"A label thinking past the season - designs made to last seven generations, with an emphasis on natural materials, slow craft, and quiet endurance."
Shahar Avnet,Luxury; Artisan; Prints,Online only,,https://shahar-avnet.com/,,"Couture-leaning designer Shahar Avnet - known internationally for tulle, hand-painting, and dreamlike eveningwear that blurs costume, art, and fashion."
Sheron Designs,Artisan; Festival,Online only,,https://www.sherondesigns.com/,,"Sculptural, boho festival design from Sheron - pieces that move between art and apparel."
Shirly Halperin,Artisan; Minimalist,Online only,,https://www.shirlyhalperin.com/,,"Founded in 2004 on Zamnehoff Street, Tel Aviv, a small independent label grown into a unique clothing and lifestyle brand."
Shuzi Jewelry,Jewelry; Artisan,Online only,,https://www.shuzi-jewelry.com/,,"Designed and handcrafted in Israel by Sharon Gendelman - fresh, unique pieces inspired by Mediterranean culture and the sea."
Slimz,Minimalist; Activewear,Online only,,https://slimz.co.il/,,"Shapewear and second-skin essentials - Slimz designs sleek, sculpting basics built to layer invisibly under everything."
Studio Noa,Artisan; Minimalist,Online only,,https://www.studio-noa.co.il/,,"Independent studio working in clean, considered silhouettes, quietly modern womenswear made in small batches."
Studio Oh Design,Artisan; Minimalist,Online only,,https://studioohdesign.com/,,"A design studio working at the intersection of considered womenswear and craft-led production, clean lines, quality fabrics, and a calm sensibility."
Subtle Body,Conceptual; Minimalist; Artisan,Online only,,https://subtlebody.store/,,"A practice shaped to evoke unique states of mind, drawing from imagined utopian futures."
Sugar & Spice TLV,Streetwear; Artisan,Online only,,https://sugarandspicetlv.com/,,"Tel Aviv-based label with a sweet-meets-sharp edge, Sugar & Spice TLV designs for the woman who plays with contrast."
Take a Nap,Activewear; Minimalist,Store,"96 Hashmona'im St, Tel Aviv (TLV Mall) (+5 more)",https://takeanap.co.il/,,"Soft, minimalist loungewear and homewear in beautifully textured fabrics designed for the sacred moments of rest."
Tal Maslavi,Jewelry; Artisan,Online only,,https://talmaslavi.com/,,"Designer Tal Maslavi's jewelry house - fine, sculptural pieces designed to feel at once contemporary and heirloom."
Tetra Jewelry,Jewelry; Artisan,Online only,,https://www.tetrajewelry.com/,,"Handmade unisex silver jewelry by Guy Schwartz - original, wild, asymmetrical pieces born from inner inspiration and observation of the environment."
The Freeder,Streetwear; Activewear,Online only,,https://thefreeder.com/,,"Born from a dancer's borrowed basketball pants, baggy, practical, with big pockets."
The Little Camel,Accessories; Artisan,Online only,,https://thelittlecamel.co.il/,,"Colourful, artsy wallets, purses, and accessories with a handcrafted soul, small objects with a big personality."
Toda & Co,Prints; Streetwear; Edgy,Online only,,https://todaxco.com/,,"TODA - Hebrew for 'thank you' - plays the in-between. Punk and graffiti energy on one side, Biblical scenes and scripture on the other."
Toppatsu,Streetwear; Prints; Artisan,Online only,,https://toppatsu.co.il/,,"Playful, graphic design with a Japanese-leaning sensibility - Toppatsu makes the kind of pieces you reach for when you want to feel a little more yourself."
TRES TLV,Sustainable; Minimalist,Store,"65 Pinhas Rosen St, Tel Aviv (+1 more)",https://trestlv.com/,,"Launched in 2014 by three women, friends and Shenkar fashion graduates, on the principle of women creating for women."
Tula,Artisan; Size Inclusive,Online only,,https://tula-tula.com/,,"Everyday quality womenswear, relaxed silhouettes, great pants, style and comfort for all sizes"
2sis,Artisan; Minimalist,Online only,,https://2sis.co.il/,,"Womenswear by two sisters - small-batch pieces with a clean, contemporary hand."
Ugly Duckling TLV,Swimwear; Lingerie,Online only,,https://gal-angel.com/,,"A Tel Aviv fashion house born in summer 2008, specialising in flattering women's swimwear with a retro-nostalgic spirit, plus lightweight, comfortable lingerie made and available year-round."
Ulla,Sustainable; Size Inclusive,Online only,,https://ulla.co.il/,,"Comfortable, practical basics - no chasing trends, no seasons."
Uniform Apparel,Sustainable; Minimalist,Online only,,https://shopuniformapparel.com/,,"100% natural fabrics. No synthetics, ever."
Ustabelle,Knitwear; Minimalist; Luxury,Online only,,https://ustabelle.co.il/,,"Premium denim, cashmere blends, and timeless tailored basics, with custom-dyed fabrics that go through two rounds of quality control before reaching your wardrobe."
Vague Black,Minimalist; Sustainable,Online only,,https://vagueblack.com/,,Founded 2016 by Anuk Yosebashvili and Yaron Shmerkin.
Vered Grebelsky,Sustainable; Artisan; Size Inclusive,Online only,,https://www.veredgrebelsky.com/,,Slow-fashion womenswear made in Israel - functional pieces meant to live in a wardrobe for years.
White Nilus,Artisan; Minimalist,Online only,,https://www.white-nilus.com/,,"Born from a deep connection to nature and raw materials - timeless jewelry in silver, gold and natural stones, made to pass from generation to generation."
Yael Orgad,Artisan; Minimalist,Online only,,https://yaelorgad.co.il/en,,"Designer Yael Orgad's eponymous label, considered womenswear with a careful, contemporary point of view."
Yodfat,Artisan; Minimalist,Online only,,https://yodfat.shop/,,"At the entrance to Yodfat in the Galilee, set among oak trees with breathtaking views."
Yoske,Accessories; Artisan,Online only,,https://www.wearyourheart-yoske.com/,,Designed by Dorin Cohen Nissan in memory of her grandfather Yoske.
Zikger,Artisan; Minimalist,Online only,,https://zikger.co.il/,,"Womenswear label Zikger, considered, contemporary pieces with a calm, design-led sensibility."
Zucker Studio,Artisan; Minimalist,Online only,,https://zuckerstudio.com/,,"Foundational basics for the modern urban wardrobe, timeless, seasonless, and indifferent to trends. Quality fabrics, precise cuts, an eternal palette."
Larus,Accessories,Online only,,https://larus.co.il/,,"A women's footwear label for those who rewrite the rules, named after the seagull and inspired by Jonathan Livingston Seagull, the bird that refused to stay in place."
Giselle,Sustainable; Minimalist,Online only,,https://www.gisellet.com/,,"Designer Rivi's thoughtfully crafted T-shirt label, locally produced in 100% high-quality cotton, comfortable everyday essentials built to last in Israeli weather."
Rams,Menswear; Minimalist; Sustainable,Online only,,https://www.ramstreetwear.com/,,"A menswear label built around clean cuts, precise pieces, and an everyday presence."
Flaeshwear,Streetwear; Artisan,Online only,,https://www.flaeshwear.com/,,"A return to colour, structure, and unapologetic presence, flæsh draws its visual language from birds, wild cats, and architectural lines."
Gershon Bram,Artisan; Luxury,Online only,,https://gershon-bram.com/,,"Contemporary womenswear with modern tailoring and relaxed silhouettes, high-quality fabrics, minimalist cuts, subtle detailing."
Gladis,Artisan; Minimalist,Online only,,https://www.gladis-shop.com/,,"A boutique womenswear label blending classic style with vintage touches, flattering, original designs in the spirit of timeless elegance, rising above passing trends."
Stella and Lori,Artisan; Luxury,Online only,,https://www.stellaandlori.com/,,"Two Tel Aviv sisters, from branding and architecture, named for their grandmothers Stella and Lori, who arrived from Europe carrying style and a deep respect for individuality."
Tali Dadon,Activewear; Sustainable,Store,"Near Ayalon Mall, Ramat Gan (studio, by appointment)",https://www.talidadon.com/,,"Recycled-fabric activewear, performance textiles imported from Italy and made from fishing nets and sea-collected plastic bottles, moisture-wicking and body-sculpting, designed around real women who train and sewn fairly in a boutique workshop in Israel."
Justwo Jewelry,Jewelry; Artisan,Online only,,https://justwo-jewelry.co.il/,@justwo_jewerly,"Timeless, feminine necklaces and layered sets by stylist Shiri Greenstein, classic pieces with a vintage, grandmother's-jewelry spirit and quiet personal meaning, made to stay relevant season after season."
Konki Collection,Streetwear; Prints,Online only,,https://konkicollection.com/en,,"A new fashion brand whose collections are much more than meets the eye, built around values and messages."
Omi,Streetwear,Online only,,https://omi-brand.com/,,"Founded by two wounded IDF veterans together with fellow soldiers, a label that turns personal stories of service, pain, and hope into garments."
Zohara,Accessories; Lingerie; Swimwear,Online only,,https://zoharatights.co.il/,,"Started in 2010 with a clear vision, take the classic basic tights and turn them into a fashion statement."
Seestarz,Contemporary; Ready-to-Wear,Online only,,https://seestarz.com/,@seestarz,"An online women's fashion house by sisters Alona and Daniela Tzur, with a new drop every week. Day-to-evening collections spanning tops, dresses, swimwear, resort, denim, eveningwear, and bridal, styled for the trend-led woman."
Panta Rei,Activewear; Swimwear,Online only,,https://www.panta-rei.com/,,"Quality sportswear built to move with you, leggings, sports bras, studio and running kit, plus a full swim collection."
Precious Individuals,Artisan; Minimalist,Online only,,https://www.precious-individuals.com/,,"Yasmin Dayan's Tel Aviv studio, handmade women's fashion, locally designed and made."
Cnaan Studio,Jewelry; Artisan; Minimalist,Online only,,https://cnaanstudio.co.il/,,"A boutique jewelry brand handcrafted by Noa Cnaan, inspired by the beauty of handmade work and raw materials."
Figura,Footwear; Artisan; Heritage,Online only,,https://www.figurashoes.com/,,"A footwear house founded by Eli Shukron in 1989 with nothing but belief, a single hide of leather, and a deep love for the craft inherited from his father. Shoes, boots, clogs, and sandals, made in his own factory."
Skirtly,Artisan; Minimalist,Online only,,https://skirtly.co.il/,,"Womenswear designed around that moment in front of the mirror, when a garment doesn't just go on the body but truly feels right."
Sun Set,Prints; Swimwear,Online only,,https://sunset.design/,,Born from the idea that freedom isn't a vacation but a state of mind.
Nivi Scrunchies,Accessories; Artisan,Online only,,https://niviscrunchies.co.il/,,"A small brand born from Nivi's love of making and handcraft, she started sewing at 16, first as a hobby."
Wine Not,Minimalist; Sustainable,Online only,,https://winenotbrands.com/,,"A label that makes everything locally, from idea to cut to final stitch."
Boe Body,Lingerie; Minimalist; Size Inclusive,Online only,,https://boebody.com/,,"Shapewear, underwear, and tops that you can breathe in and look great."
Heartbit Culture,Streetwear,Online only,,https://heartbit-culture.com/,,"From the beat of the rave to the rhythm of the streets, techno-driven streetwear built to last."
HOP,Artisan; Minimalist,Online only,,https://h-o-p.co.il/,,"' It's not the garment that changes a woman, but the feeling she gets from it."
Tamara Gartenberg,Jewelry; Artisan; Prints,Online only,,https://www.tamaragartenberg.com/,,"A Bezalel graduate who founded Tamara in 2005, a brand that began with vividly colourful textile-and-gemstone jewelry and accessories."
Tamu,Minimalist; Artisan,Online only,,https://tamupants.com/,,"Founder Tami made her first pieces for herself, out of a need for clothing that felt calm, effortless, and honest."
Amare,Minimalist; Artisan,Online only,,https://amare.store/,,"A home for timeless fashion, born from a love of meticulous design, clean lines, and uncompromising quality."
Halel,Jewelry; Minimalist; Artisan,Online only,,https://www.halel.online/,,"Born from a love for subtle, minimalist design with attention to every detail."
Tami Chomsky,Artisan; Minimalist,Online only,,https://www.tammichomski.com/,,"Tel Aviv womenswear by Tami Chomsky, a Bezalel visual-communication graduate who founded the label in 2007. Design moves on two parallel tracks: one led by material and the textile itself, the other by the pattern."
Salon Berlin,Streetwear; Minimalist,Online only,,https://salonberlinstore.com/,,"Founded in late 2007 to offer a comfortable, social alternative in Tel Aviv dressing. Timeless street fashion for women and men, designed and made in Tel Aviv and suited to the Israeli climate."
Kvish 1,Streetwear; Prints,Online only,,https://kvish1.co.il/,,"One road, for people who feel. A magazine living between Jerusalem and Tel Aviv, the religious and the secular, that turned its spirit into a line of graphic tees, including drawings by the artist Lilien, plus other shirts and merch."
Foshu Studios,Minimalist; Swimwear,Online only,,https://foshustudios.com/,@foshu__,"A contemporary label for women and men, clean, current collections spanning swimwear, dresses, tops, jumpsuits, and tailored sets, plus a pared-back Foshu White line."
Vivo,Minimalist; Streetwear,Online only,,https://vivoofficial.com/,,"Clean, minimal, and international, with quality that speaks for itself. Inspired by life in Milan (and Oliver, the founders' corgi), every piece is made in small, exclusive batches, blending effortless minimalism with bold identity."
Taanug,Streetwear; Prints,Online only,,https://www.taanugshop.com/,,"An innovative, kicking brand that grew out of a drunken night among a group of friends from Zichron Yaakov. It flies the flag of the joy of making and the perfection of pleasure, developing bold, daring, eye-catching designs."
Rotma,Minimalist; Artisan,Online only,,https://www.rotmaas.com/,,"Crafted in Tel Aviv, inspired by classic European elegance. Rotma makes thoughtfully made, elevated everyday wear, every piece beginning with a single thread chosen by hand and finished with the quiet confidence of something made to last."
Kimos,Artisan; Minimalist,Online only,,https://www.kimos.co.il/,@kimos_il,"A modern resort-wear label of handmade, limited-edition kimonos and sets in 100% organic tetra cotton, breathable, thin, and made to move. Unisex, oversized, one-size pieces designed for heat and freedom."
Moma,Minimalist; Luxury,Online only,,https://www.momafashion.co.il/,,"Precise pieces and timeless designs, and above all flattering cuts, classic and clean total looks of the kind that always look and feel like a million dollars. Classics with a twist, soft fabrics, new arrivals every week. How easy it is when everything's just right."
Pupik,Streetwear; Edgy; Conceptual,Online only,,https://pupikstore.com/,,"Active since 2014, Pupik started from making clothes the designer wanted to wear himself. The brand merges street culture, surrealism, and philosophy, drawing from raw human emotions like fear, struggle, and mortality, without sticking to one fixed direction."
Nani Lee,Prints; Artisan; Size Inclusive,Online only,,https://www.nanilee.com/,,"A family business, born from years of travel through the East and a love of its color. Bold, original in-house prints and flattering cuts for every size."
Campy Street,Streetwear; Menswear,Online only,,https://campystreet.com/,@campy.il,"A casual streetwear label and Jerusalem store, logo tees, shorts, tailored sets, denim, and swimwear with an easy, on-trend everyday attitude."
Lily and Lola Studio,Artisan; Prints,Online only,,https://lilyandlolastudio.com/,@lilyandlola___,"An art studio, not a fashion store, creating one-of-a-kind wearable pieces, a single painting put on a shirt or jacket, made in just one of each so no two people wear the same."
Edit,Streetwear; Menswear,Online only,,https://editstyle.co.il/,@edit.official.style,"A streetwear label built around the oversized fit, EDIT CLUB graphic tees, relaxed cargo, knit, and corduroy trousers, and caps, easy, current, everyday pieces."
Partizano,Menswear; Streetwear,Online only,,https://www.partizano.co.il/,,"A men's fashion label and store of relaxed, on-trend essentials, tees, shorts, jeans, hoodies, tailored sets, and sneakers, with an easy streetwear sensibility."
Under the Rock,Artisan; Minimalist,Online only,,https://www.undertherock.co.il/,,"Precise design, years of denim expertise, and production built on some of the world's finest raw materials, all merging into the denim pieces that define UTR."
Disrupted Fashion Lab,Conceptual; Artisan,Online only,,https://disruptedfashionlab.com/,,A conceptual fashion label working at the edge of clothing and art.
Haarchion,Prints; Streetwear,Online only,,https://haarchion.myshopify.com/,,"A house of graphics and print, graphic tees, posters, totes, and goods stamped with original artwork drawn from Israeli history, geography, and archaeology, from migration routes to ancient Acre."
Ben Ben Studio,Menswear; Minimalist; Sustainable,Online only,,https://benben-studio.com/,,"Timeless menswear drawing on nature - the ocean, desert-meets-Viking style with subtle ethnic touches, made in small capsule runs in a fair-wage local workshop."
Mirza,Menswear; Luxury,Online only,,https://mirza-il.co.il/,@mirza_by_naor,"Men's fashion by Naor Aharon, founded 2016, one of the only men's studios in Israel that designs and produces all its own pieces in-house. Tailored suits, shirts, knitwear, and groom suiting with a modern edge, worn by hundreds of local celebrities and shown at Tel Aviv Fashion Week."
Tomer Landau,Artisan; Minimalist,Online only,,https://tomer-landau.com/,,"Where fashion meets passion and art. A labour of love: flawless designed clothing, hand-sewn piece by piece straight from the studio in only the finest materials like linen and cotton."
Eclat Chic,Artisan; Minimalist,Online only,,https://www.eclatchic.shop/,,"A womenswear label of considered, contemporary pieces."
Northern Star,Prints; Artisan; Size Inclusive,Online only,,https://northern-star.co.il/he,,"Founded in 2012 by Shenkar graduate Nadav Rosenberg, known for innovative textile design that blends modern and traditional techniques, original prints, and a wide range of feminine cuts and sizes. Studio by the Jaffa flea market, flagship in north Tel Aviv's Basel."
KPRA,Streetwear; Edgy; Prints,Online only,,https://kpraonu.com/,@kpra_onu,"KPRA ON YOU. A young Tel Aviv streetwear label of graphic tees, jeans, and tembel hats stamped with playful Hebrew slang, your new favourite everyday wardrobe with a wink."
Mia Luz,Artisan; Prints,Online only,,https://mia-luz.com/,@mia___luz,"Resort womenswear for those who find beauty in the details, rich textures, distinctive colours, and pieces with quiet style. Tops, dresses, trousers, jumpsuits, and a signature white resort line."
Roni Arbiv,Minimalist; Artisan,Online only,,https://roniarbiv.com/,,"Made in Israel, for women who know who they are. Collections built on basics with a twist, timeless pieces with a modern touch, released as focused drops with an obsessive eye for quality and precise tailoring."
Ofer Dabush,Artisan; Conceptual,Online only,,https://oferdabush.com/,,"Dabush is a publishing house, design studio, and brand based in Tel Aviv."
Ainker,Streetwear; Luxury,Store,"5 Yordei HaSira St, Tel Aviv (+1 more)",https://ainker.com/,,"Fusing premium craftsmanship and bold design with urban attitude. The philosophy: ART TO GET, pieces released only once, with no repeats."
Yara Design,Artisan; Prints,Online only,,https://www.yaradesign.co.il/,,"A home clothing studio turned flower-inspired concept store in Kibbutz Amir. Out of a love of flowers and a deep connection to the Galilee landscape, Yara Bavaiz built her life's work, country-boho clothing alongside quality paper goods, homeware, and local art."
Noyka,Swimwear; Prints; Size Inclusive,Online only,,https://www.noyka.co.il/,,"Swimwear designed around the real, active woman's body, the kind that changes with age and size. More than ten unique pieces in original prints, all wonderfully comfortable, in a wide size range (34A to 44DD) and at prices that stay friendly to every pocket."
Berni,Activewear; Minimalist,Online only,,https://www.berni.co.il/,,"Wear less, feel more. Athleisure for women and men in an earthy, pared-back palette, sport sets, seamless tops, and bear-motif tees built for quiet, everyday strength."
Cocoral,Minimalist; Prints,Online only,,https://cocoral.co.il/,,"An everyday-casual label for the whole family, women, men, and kids, known for its family-style collection of matching parent-and-child outfits alongside accessories and jewelry-style pieces."
Hagara,Size Inclusive; Minimalist,Online only,,https://www.hagara.co.il/,,"A contemporary fashion house dressing women in sizes 38–54, current, trend-driven, and distinctly its own, with clean, minimalist lines, quality fabrics, and small eclectic runs that make each piece exclusive. When you look good, you feel good."
Hane,Streetwear; Prints,Online only,,https://www.haneofficial.com/,,"Not just a t-shirt. Born from a love of the sea, of making, and of freedom, Hane creates quality oversized tees in original artistic prints, released in limited editions, wear creativity, feel free."
Historic,Activewear; Streetwear,Online only,,https://www.historiclub.com/,,"A unisex activewear brand built on an obsessive eye for quality, every piece designed down to the fabric, cut, and feel on the body. Precise, classic, and made for real daily use, moving naturally between the gym and everyday without changing style."
Hot Seasons,Streetwear,Online only,,https://hotseasons.co/,,"No labels, just legacy. A streetwear label built on drops, graphic tees, cargos, polos, and accessories released in collections like 'Rock, Paper, Seasons' with a confident skate-and-street attitude."
Hot Tuna,Minimalist; Swimwear,Online only,,https://www.hotuna.co.il/,,"Born from a longing for quiet moments, freedom, and sun on bare skin. A brand with an overseas soul, clean, precise, self-aware design across beachwear, swimwear, and sandals, made for people who recognise what truly matters."
Naama Bezalel,Prints; Artisan; Heritage,Online only,,https://naamabezalel.com/,,"Take a jug of nostalgia, fold in romance, a little vintage, an intense love of colour and texture, and a passion for fashion, that cocktail is the world of Naama Bezalel. One of Israel's most recognised designers, reinterpreting trends from the 1920s to the 1970s into timeless, feminine, flattering pieces."
Reverb Outfitters,Activewear; Minimalist,Online only,,https://reverboutfitters.com/,,"Everyday, everywhere. High-performance activewear built for comfort and durability, started by two childhood friends with a shared vision of what a fitness community should actually look like, more a movement than a label."
Ronen Chen,Minimalist; Artisan; Heritage,Store,"155 Dizengoff St, Tel Aviv (+1 more)",https://ronenchen.co.il/,,"A cornerstone of Israeli fashion for over three decades. After a 1990 trip to Japan, Ronen Chen returned with a single minimalist line, quiet yet powerful, built on origami, geometry, and clean graphic shapes. Fluid, wearable, timeless pieces for the modern woman, across a chain of more than 20 stores."
Shiruetto,Minimalist; Prints,Store,"1 Hazait St, Caesarea",https://shiruetto.com/,,"Silhouette in Japanese. A minimalist womenswear brand based in Caesarea, launched in 2015 by artist and curator Shira Naftali. Clean lines and monochromatic tones meet feminine cuts and original hand-made textile prints, influenced by the art world, Japanese design, and street fashion, designed and made locally in small editions."
Tovale+,Luxury; Artisan; Heritage,Store,"103 Rothschild Blvd, Tel Aviv",https://tovale.fashion/,,"For more than three decades, Tovale+ has embodied the artistic spirit of Israel through high-end fashion by a mother-daughter team. Each piece is meticulously handcrafted in their Tel Aviv studio, wearable art that tells a story, and truly one of a kind."
Razili,Minimalist; Artisan; Heritage,Online only,,https://www.razili.co.il/,,"A curated fashion house and chain founded in 1990, gathering the most coveted designer pieces under one roof, online and across mall boutiques nationwide, alongside its own clean, classic house label, Razili Studio."
Lahover,Jewelry; Artisan,Online only,,https://lahoverjewelry.com/,,"Adi & Shay Lahover, Tel Aviv jewelers with over 40 years of experience, handcraft one-of-a-kind, personal pieces that mirror the processes of nature, drawing on artisanal heritage and the organic flow of natural materials."
AKA Rock,Artisan; Prints,Online only,,https://facebook.com/AKAembroidery,,"Hand-embroidered wearable art by Avigail Kolker (AKA Rock), intricate thread drawings stitched one stitch at a time onto tees and vintage garments, where punk spirit meets needle and thread."
Mother of All,Artisan; Luxury,Online only,,https://www.mother-ofall.co.il/,,"A womenswear label launched in 2018 by Noa Pasternak and Golan Taub, inspired by Eve, feminine, strong, and bold. Daring expression meets refined femininity, bold colour and 1980s nostalgia balanced by classic tailoring and clean, elegant silhouettes."
Sabina Musayev,Luxury; Artisan,Online only,,https://sabinamusayev.com/,,"High-quality, beautifully cut pieces made to be worn forever. Sabina Musayev's collections balance sophisticated, casual, and comfortable styles with glamorous evening looks for holidays and special events."
Vanzen,Minimalist; Artisan,Online only,,https://vanzen.co.il/,,"Where style meets serenity. 'VAN' for the sophisticated, innovative spirit of Holland; 'ZEN' for the calm and effortless harmony of Eastern philosophy. A fusion of modern European design with a timeless, restful feel, clothing made to bring both style and inner peace to everyday life."
Two Tone,Size Inclusive; Sustainable; Minimalist,Online only,,https://www.twotone.co.il/,,"Founded in 2014 by Zohar Kalev and Shimon Azkiel, womenswear on a mission, so a woman chooses a piece for her taste, never because it doesn't come in her size. Day-to-night, classic-meets-timeless cuts for every body, produced with real environmental responsibility."
Noritamy,Jewelry; Artisan,Online only,,https://www.noritamy.com/,,"Fashion jewelry handmade in the studio, so no two pieces are exactly alike. Every piece is dipped in a heavy layer of 24K gold or silver tone and is nickel-free, with premium lines and custom-made pieces on request."
AP by Amit Philip,Minimalist; Artisan,Online only,,https://apbyamitphilip.com/,,"Established in 2020 by Amit Philip, a blue-and-white local production designed and made by Amit, building the ultimate everyday wardrobe in a heartbeat, basics with a twist and a unique touch, the pieces everyone needs."
Danit Peleg,Conceptual; Sustainable,Online only,,https://www.danitpeleg.com/,,"A pioneer in 3D-printed fashion, the first designer in the world to create an entire collection on desktop home printers. Coveted, globally exhibited pieces, including a dress for the Rio Paralympics opening ceremony, and a mission to make 3D-printed fashion accessible while cutting waste and pollution."
Masada Jeans,Sustainable; Artisan,Online only,,https://masadajeans.com/,,"Designer Laurent David Vannucci travels the Earth and the seven seas for rare vintage denim, selected for exceptional quality and history, then redesigned, modernised, and re-cut by hand in the Tel Aviv workshop for optimal style and comfort from the first fitting."
Idol Studios,Streetwear; Luxury,Online only,,https://www.idolstudios.co/,,"Israeli luxury streetwear inspired by Jewish heritage, history, and cultural symbols. Limited-edition collections that carry deep meaning and cultural narrative, redefining Jewish pride for those who wear their identity with sophistication and prestige."
Yifat Finkelstein,Menswear; Minimalist,Online only,,https://yifatfinkelshtein.com/,,"A menswear label rooted in ease, structure, and quiet precision. Soft tailoring, natural fabrics, and silhouettes that move with the body, living between streetwear and subtle elegance, shaped by the heat and friction between Tel Aviv and Jerusalem."
Latto Velara,Prints; Streetwear,Online only,,https://lattovelara.com/,,"An illustrated wearable-art world by artist Ori Zlotnik, bold all-over prints across clothing, shoes, bags, and home, spanning playful, punky, and darkly whimsical themed collections from Black Cat Syndrome to Rock and Horror."
The Fluff,Lingerie; Minimalist,Store,"8 HaHashmal St, Tel Aviv",https://the-fluff.com/,,"Soft, comfortable, desirable lingerie and tops for the queens of everyday life, designed and made by an all-women team. Built on the belief that every woman has her own 'Fluff', pieces that feel mysterious yet completely everyday, close to the skin."
BIV Street,Footwear; Minimalist,Store,"74 Nahalat Binyamin, Tel Aviv",https://bivstreet.com/,,"A family business born from years of art, design, and the footwear industry. BIV makes all-day-comfort sandals, water-friendly, memory-foam, easy-clean, alongside its own logo socks. Things they like, wear, and stand behind."
Hoko,Minimalist; Artisan,Store,"7 Nitzana St, Tel Aviv-Jaffa",https://www.hoko-studio.com/,@hokostudio,"Womenswear by Hagit Hazan, founded in 2010 after she graduated from Bezalel Academy of Arts and Design. Nonchalant on one hand and feminine on the other, complimentary and sophisticated, designed and made from a Tel Aviv studio."
Lokita,Minimalist; Prints,Online only,,https://lokita.co.il/,,"Womenswear with a 'blue-and-white' soul by designer Moran Avraham. Precise oversized cuts in quality fabrics, finished with original prints, embroidery, and special details, full of style and quietly cool."
Not For Sale,Streetwear; Edgy,Online only,,https://notforsaletlv.com/,@notforsale_tlv,"NFS, a Tel Aviv streetwear institution, both a store stocking global street and sneaker brands and its own house label of graphic hoodies and tees with a raw, local street attitude."
Foof,Swimwear; Artisan,Online only,,https://foof.co.il/,@foof_swimwear,"Handmade swimwear and beachwear founded by Ofir Baram Manor, built so every woman finds her perfect fit. Alongside the house collections, a custom-design service lets you choose the cut, color, and size, with comfort and uncompromising quality at the core."
Mundo,Swimwear; Prints,Online only,,https://mundobeachwear.com/,@mundo_beachwear,"Born from a journey across the globe and inspired by secluded beaches and nature's wildest colors. Designer swimwear and beachwear for women and men, every print designed in-house and produced in strictly limited quantities, because you weren't born to look like everyone else."
Hush Studio,Jewelry; Artisan,Online only,,https://www.hushstudioo.com/,@hush.studiio,"A handmade jewelry studio of earrings, necklaces, bracelets, and rings, spanning a wabi-sabi line that embraces the beautifully imperfect and a curated vintage and rare collection."
Keren Mualem,Prints; Accessories,Online only,,https://www.kerenmualem.com/,@kerenmualem,"A vibrant, art-driven label of boldly printed clothing, shoes, bags, and statement headbands, playful, colorful, and unmistakably its own. Self-pickup from Givatayim."
Akal,Artisan; Sustainable,Online only,,https://www.akalonline.com/en,@akalstudio_,"By designer Michal Mangisto. A timeless collection where each garment tells a story of longing, exile, and roots, anchored in traditional Ethiopian embroidery. Built on fair employment, integrating talented women from the Ethiopian community who hand-embroider each piece."
Addict,Contemporary; Ready-to-Wear,Online only,,https://addictonline.co.il/,@addict_o.n,"A trend-driven online fashion label for women, tops, tailored suits, dresses, jumpsuits, shoes, and accessories, the most must-have pieces refreshed constantly, with a kids line, Little Addict, alongside."