Name,Tags,Type,Address,Website,Instagram,Image,Description
Agas & Tamar,Jewelry; Artisan; Luxury,In Person,"43 Shabazi St, Tel Aviv",https://agasandtamar.com/,,https://agasandtamar.com/wp-content/uploads/2023/06/9527-2.jpg,"A Tel Aviv jewelry institution since 1998, where a shining ruby might sit beside a rusty…"
Alef Alef,Minimalist,In Person,"9 Ashtori HaFarhi St, Tel Aviv",https://www.alefalef.co.il/,,https://www.alefalef.co.il/wp-content/uploads/2024/07/5-6-510x661.jpg,"Contemporary womenswear with a focus on quality, considered design, and the enduring app…"
Alembika,Artisan; Minimalist; Sustainable; Size Inclusive,In Person,"87 Ibn Gvirol St, Tel Aviv (+4 more)",https://alembika.co.il/,,https://alembika.co.il/cdn/shop/files/DRESS_SD905B_2_2.jpg?v=1776694897,Founded in 2005 by designer Hagar Alembik (Shenkar) and anthropologist Dr. Judy Padlon…
All At Once,Streetwear; Edgy; Minimalist,In Person,"At En Culture, 19 Lilienblum St, Tel Aviv-Yafo",https://allatonce.store/,,https://allatonce.store/cdn/shop/files/DSCF6566.png?v=1774872993&width=5000,"A Tel Aviv collective founded by Ilay Henriksen and Noam Segev in 2021, driven by family…"
Aluma,Knitwear; Artisan; Sustainable,Online only,,https://alumafashion.com/,,https://alumafashion.com/cdn/shop/files/Flower_power_cover_new_05893f2b-bc51-4e4d-a47a-08e178d348ad.png?v=1770219704&width=1200,"Beautiful colorful handmade knitwear, amazing one of a kind clothing, slow fashion at it…"
Anat Friedman,Minimalist,In Person,"6 Betzalel St, Jerusalem",https://anatfriedman.com/,,https://anatfriedman.com/cdn/shop/files/anatf_2524538.jpg?v=1759238472,"Precise, quietly elegant womenswear. Anat Friedman's designs speak in restraint, each pi…"
Andro Lomusia,Conceptual; Edgy,Online only,,https://androlomusia.com/,,https://androlomusia.com/cdn/shop/files/nicotinesmiles_back_600x600.png?v=1774880454,"Established in 2021 and rooted in personal struggle and pain, Androlomusia reflects and…"
Anjaly,Activewear; Minimalist; Unisex,In Person,"10 Mikveh Israel St, Tel Aviv",https://anjaly.com/,,https://anjaly.com/__l5e/assets-v1/6cd90dfd-89b1-4688-9792-fa010d80fdc2/c2.jpg,"Effortless unisex loungewear and activewear for women and men, from yoga mat to street…"
Artwear,Prints,In Person,"71 HaNadiv St, Herzliya",https://artwear.co.il/,,https://artwear.co.il/cdn/shop/files/9cff8e210719c9f029748e2ced34082b.png?v=1775505899&width=1200,"Wearable art through bold, original prints. Each Artwear piece turns the body into a can…"
Assaf Peleg,Luxury,In Person,"119 Dizengoff St, Tel Aviv (+1 more)",https://www.assafpelleg.com/,,https://www.assafpelleg.com/wp-content/uploads/2026/03/Untitled-577-x-1024-px-722-x-1024-px-1000-x-1500-px-30.png,"Designing for the elegant, multi-faceted woman, garments born from emotion and a deep be…"
Assemble,Streetwear; Minimalist,Online only,,https://assembleofficial.com/,,https://assembleofficial.com/cdn/shop/files/Assemble_pleated_polo_t-shirt_front_2048x2048.jpg?v=1769523893,"Contemporary streetwear with a tightly considered aesthetic, Assemble designs garments t…"
Atawear,Legacy; Streetwear,In Person,"93 Allenby St, Tel Aviv (+1 more)",https://atawear.co.il/,,https://atawear.co.il/cdn/shop/files/C186113C-4B82-46C9-A115-27D1C508644F_dfcac7bd-aece-4a00-88ff-9a23ebe507dd.jpg?v=1774117526&width=5000,"A revival of Israel's iconic ATA textile brand, first founded in 1935. The original 'Mad…"
Aviva Zilberman,Luxury,In Person,"23 Melchett St, Tel Aviv",https://avivazilberman.com/,,https://avivazilberman.com/cdn/shop/files/UntitledCapture4032_600x.jpg?v=1747938729,"A high-end ready-to-wear house founded in 2008 by Aviva Zilberman, creating a daytime wa…"
Ayala Vitkon,Jewelry; Artisan,Online only,,https://ayalavjewelry.com/,,https://ayalavjewelry.com/cdn/shop/products/il_fullxfull.365002343_ltty_b16fa1fc-dd35-4158-95e6-87bccdcedb15_1024x1024.jpg?v=1590738026,Sophisticated handmade jewelry from Ayala Vitkon's studio.
Ayoola,Minimalist,Online only,,https://ayoola.co.il/,,https://ayoola.co.il/cdn/shop/files/DSC_2682.jpg?v=1744199730&width=1800,"Ayelet's brand, specialising in designing and manufacturing bralettes for women."
BANANHOT,Swimwear; Prints,Online only,,https://bananhot.co.il/,,https://sfycdn.speedsize.com/79593a76-198a-492d-847e-c6b8f5e0b562/bananhot.co.il/cdn/shop/files/3114_3Z5A5976.jpg?v=1774183873&width=990,"High-quality swimwear with flattering, cheeky cuts and super-creative patterns."
Barbatana,Streetwear; Edgy; Prints,Online only,,https://barbatana.shop/,,https://barbatana.shop/cdn/shop/files/DSCF9840-14.jpg?v=1756055492&width=1680,"A streetwear label trading in cheeky local humor, Barbatana's tees lean on Hebrew puns…"
Bazz and Lutra,Artisan; Jewelry; Luxury,Online only,,https://bazzandlutra.com/,,https://bazzandlutra.com/cdn/shop/files/Bazz14.111367.jpg?v=1769451140&width=2048,"Handcrafted fashion, jewelry, accessories, and home decor, blending classic tradition wi…"
Bein Lebein,Artisan; Edgy; Minimalist; Natural Fabrics,Online only,,https://www.beinlebein.com/,,"https://static.wixstatic.com/media/d9dc5f_8158b674781d4d29b4e0623b67f91b7b~mv2.jpg/v1/fill/w_779,h_1059,al_c,q_85,usm_0.66_1.00_0.01,enc_avif,quality_auto/BeinLeBein17_09_250660.jpg","A multidisciplinary label built around hand-screenprinted cotton, heavy-weight natural f…"
Bewear,Activewear; Minimalist,Online only,,https://bewear.co.il/,,https://bewear.co.il/cdn/shop/files/DSC07005.jpg?v=1770744956&width=2048,"A dancewear brand built around the idea that once you're a dancer, you're a dancer forev…"
Biliblond,Swimwear,In Person,"1 Yordei HaSira St, Tel Aviv Port",https://biliblond.com/,,https://biliblond.com/cdn/shop/files/arava-one-piece-white-8893831.jpg?v=1780118595&width=700,"Swimwear and beachwear with a playful spirit, designed for the Mediterranean lifestyle."
Blueberry TLV,Minimalist,Online only,,https://blueberrytlv.co.il/,,https://blueberrytlv.co.il/cdn/shop/files/WhatsAppImage2026-06-03at17.56.56.jpg?v=1780550453&width=700,"A fresh Tel Aviv label with a playful, considered approach to everyday womenswear, vibra…"
Bow M,Minimalist,Online only,,https://bow-m.com/,,https://bow-m.com/cdn/shop/files/Ruched_Dress_with_Bare_Shoulders_Cream_1.jpg?v=1726058245&width=1100,"A label working in considered, modern silhouettes, quiet pieces with a careful hand."
Bracha Baron,Luxury,In Person,"255 Dizengoff St, Tel Aviv",https://www.baroncollection.com/,,https://img.haarets.co.il/bs/00000183-3aea-d5c9-a1df-faea46cc0001/5e/25/c43679af472faf908e7e227363aa/4h4a0504.jpg?&width=1500&height=2249&cmsprod,"Clean, urban, refined womenswear for a wide range of ages, in dialogue with internationa…"
Bring Wear,Streetwear; Minimalist; Unisex,Online only,,https://bringwear.co.il/,,https://bringwear.co.il/cdn/shop/files/GAV_GREEN_1.jpg?v=1778080854&width=600,"Unisex everyday wear with a relaxed, contemporary sensibility, Bring Wear builds pieces…"
Chopshop Corp,Streetwear; Edgy; Prints; Menswear,In Person,"81 Dizengoff St, Tel Aviv (+3 more)",https://www.chopshop.co.il/,,"https://static.wixstatic.com/media/64d6e6_c662db727e5f4e939ea9e97c608864bd~mv2.jpg/v1/fill/w_1410,h_1410,al_c,q_85,usm_0.66_1.00_0.01/64d6e6_c662db727e5f4e939ea9e97c608864bd~mv2.jpg",Unorganized. Unruly. Unmissable.
Ciporkin by Dalit,Minimalist; Prints,In Person,"By appointment, Tel Aviv",https://www.ciporkin.com/,,https://www.ciporkin.com/cdn/shop/files/1_c776707a-e604-491b-b6f6-23f34318a45c.jpg?v=1765722794,"Womenswear by Dalit Ciporkin, where Tel Aviv Bauhaus meets the Japanese aesthetics of he…"
Co.Co,Artisan,In Person,"7 Kehilat Venezia St, Tel Aviv",https://collectivecollection.co.il/,,https://collectivecollection.co.il/wp-content/uploads/2025/10/VICTORIAS26-1267766-02-CO.CO-172-349242.jpg,"Collective Collection, a collaborative womenswear label where strong individual voices b…"
Comme il Faut,Minimalist; Prints; Legacy,In Person,"28 Levontin St, Tel Aviv (+3 more)",https://www.comme-il-faut.com/,,https://comme-il-faut.com/cdn/shop/files/c_il_faut_457.jpg?v=1773851576&width=600,"Original, artistic womenswear, monochromatic palettes, unexpected textures, and asymmetr…"
Con.fail,Streetwear; Edgy,Online only,,https://www.con.fail/,,https://images.squarespace-cdn.com/content/v1/6348fddd5b3c37055ef9a9ca/c529e4f3-f172-4a11-b57a-665d9586178b/DR_02.jpg?format=750w,"A label working in a streetwear-meets-conceptual register, playful, slightly off-kilter…"
Cor-e,Minimalist,Online only,,https://www.cor-e.co.il/,,"https://static.wixstatic.com/media/5a49ac_7a73b811c26945569987abf5954a1394~mv2.jpg/v1/fill/w_600,h_750,al_c,q_85,usm_0.66_1.00_0.01,enc_avif,quality_auto/5a49ac_7a73b811c26945569987abf5954a1394~mv2.jpg","Womenswear in clean, considered silhouettes designed for soft layering and easy wear."
Cottna,Lingerie; Sustainable,Online only,,https://www.cottna.co.il/,,https://cdn.cashcow.co.il/images/3cd39d89-4b3c-4447-8fb3-e65cfe6aae7c.webp,"Period and everyday underwear in soft cotton, Cottna designs reusable, leak-proof basics…"
Cotton,Sustainable; Minimalist; Natural Fabrics,In Person,"218 Dizengoff St, Tel Aviv (+11 more)",https://cottonet.co.il/,,https://cdn.cottonet.co.il/newsite/2026/02/365276f8-cotton6644-copy-1067x1601.jpg,"Three decades of womenswear built on natural fabrics, local production, and unwavering q…"
Dalit Peer,Minimalist,Online only,,https://dalitpeer.com/,,https://dalitpeer.com/cdn/shop/files/992_09a1ba2a-afa2-4194-ae4a-73f989e9337b.jpg?v=1777738688&width=720,"Womenswear by designer Dalit Peer, soft, considered silhouettes with a quiet, contempora…"
Dana Ashkenazy,Minimalist,In Person,"Ramat Aviv Mall, Tel Aviv (+1 more)",https://www.danaashkenazi.com/,,https://www.danaashkenazi.com/cdn/shop/files/FCE62873-9D9C-4823-8E61-E8D80AD799E1.png?v=1775326726&width=735,"Easy, considered womenswear for the modern everyday, designed with an eye for proportion…"
Dodo Bar Or,Luxury; Prints,Online only,,https://www.dodobaror.com/,,https://dodobaror.online/cdn/shop/files/IMG_4272_b116de9f-4452-4602-8f02-5cc9f2c68a2a.jpg?v=1722861928&width=750,Tel Aviv's most internationally celebrated bohemian label.
Dorin Frankfurt,Minimalist; Legacy,In Person,"164 Dizengoff St, Tel Aviv (+16 more)",https://www.dorinfrankfurt.com/he,,https://www.dorinfrankfurt.com/media/wysiwyg/SEV-55.jpg,"One of Israel's most recognised fashion names, Dorin Frankfurt's work blends European so…"
Dorit Sade,Artisan,Online only,,https://www.doritsade.com/,,https://cdn.cashcow.co.il/images/a4a3b325-9293-4c51-a068-b69e42badd16.webp,"Womenswear with quiet originality, Dorit Sade designs for women who dress with intention…"
Doron Ashkenazi,Luxury,Online only,,https://doronashkenazi.com/,,https://doronashkenazi.com/cdn/shop/files/d8ddabd79b901018d4cc5f4a7889ede7_960x_crop_center.jpg?v=1766591847,"Designer Doron Ashkenazi's eponymous label, considered, refined womenswear with a sharp…"
Dostix,Streetwear,In Person,"25 Tchernihovsky St, Tel Aviv",https://dostix.com/,,https://dostix.com/cdn/shop/products/IMG_20161026_152044_2048x2048.jpg?v=1623568068,"Blending modern urban life with practical, dynamic design. The Dostix brand has establis…"
Eladan,Minimalist,Online only,,https://www.eladan.co.il/,,https://www.eladan.co.il/cdn/shop/files/0A5A7011.jpg?v=1769112276&width=1800,Thoughtful everyday pieces made with care and a contemporary hand.
Flo by Ella Braitman,Luxury,In Person,"16 Yehuda Margoza St, Jaffa",https://flobyella.com/,,https://flobyella.com/cdn/shop/files/flo_18_2_26237338.jpg?v=1771836666&width=1920,"High-quality women's fashion in limited series, with fine European fabrics."
Fly Rooster,Sustainable; Artisan; Accessories,Online only,,https://www.flyrooster.co.il/,,https://www.flyrooster.co.il/wp-content/uploads/2025/11/SHE_4359.jpg,"Textile artist Ofir Yaakobi rescues retired industrial materials, parachutes, climbing r…"
Forest,Streetwear; Prints; Sustainable,Online only,,https://www.forest-tlv.com/,,"https://static.wixstatic.com/media/4edae6_9a97b4b5b2264a70b5dee46d0dcb3b68~mv2.jpg/v1/fill/w_498,h_748,al_c,q_85,usm_0.66_1.00_0.01,enc_avif,quality_auto/4edae6_9a97b4b5b2264a70b5dee46d0dcb3b68~mv2.jpg","Tel Aviv's green lung of fashion, drawing from forests, oceans, and outdoor culture."
Frau Blau,Prints; Luxury,Online only,,https://www.fraublau.haus/,,"https://static.wixstatic.com/media/e536cf_7c3a2c9be3d4412abe0d548770bddde8~mv2.jpg/v1/fill/w_700,h_704,q_90,enc_avif,quality_auto/e536cf_7c3a2c9be3d4412abe0d548770bddde8~mv2.jpg","Tel Aviv label by designer Helena Blaunstein, maximalist womenswear with a strong sense…"
Frett,Knitwear; Sustainable; Minimalist; Natural Fabrics,In Person,"77 Frishman St, Tel Aviv",https://frett.life/,,https://frett.life/cdn/shop/files/frett16.132623-crop.jpg?v=1765380986&width=1200,"A designer knitwear studio: timeless design, fine natural fibres, responsible production…"
Gala,Minimalist,Online only,,https://www.galalabel.com/,,"https://static.wixstatic.com/media/6ade84_94f08e8928f94b41bf9502b721da4d97~mv2.jpg/v1/fill/w_972,h_1410,al_c,q_85,usm_0.66_1.00_0.01/6ade84_94f08e8928f94b41bf9502b721da4d97~mv2.jpg","A womenswear label with a refined, contemporary point of view, considered silhouettes an…"
Galler,Prints,In Person,"5 Alkalai St (Bazel Complex), Tel Aviv",https://gallerdesign.com/,,https://gallerdesign.com/cdn/shop/products/LW_GALLER_LOOK93_1864@2x.jpg?v=1678270351,"Women's fashion with bold patterns, optimistic prints, and playful asymmetry. Galler bri…"
Gartenbanken Shoes,Accessories; Footwear,Online only,,https://gartenbankshoes.com/,,https://gartenbankshoes.com/cdn/shop/files/GARTEMBANK__0013_1200x.jpg?v=1685833826,"Women's shoes and sandals, considered, wearable, and crafted for the streets of Tel Aviv."
Gelada,Prints; Streetwear,Online only,,https://flygelada.com/,,https://scontent.ftlv5-1.fna.fbcdn.net/v/t1.6435-9/38085937_1922703217794266_150900205611384832_n.jpg?_nc_cat=111&ccb=1-7&_nc_sid=13d280&_nc_ohc=GnG3t3iFYgUQ7kNvwE_KNPv&_nc_oc=AdpuGWPHTGsn6pV9zQN_D9eDzMV7EMhuGJNNJyNjUStvDXXd_1jL2ydKtFSi3CVQE4z8ffa5wYdNPefpg0K2SjZj&_nc_zt=23&_nc_ht=scontent.ftlv5-1.fna&_nc_gid=cV9Djk6wPC1iZZQlsjoplA&_nc_ss=7b2a8&oh=00_Af5G4S6seNH6oJYOIGRBqpq-U8EfMvQkDm9xCGrE8jz2rA&oe=6A2554CF,"An illustration, design, and culture studio making its own tees, prints, and paraphernal…"
Gertrud,Prints,In Person,"77 Frishman St, Tel Aviv (+2 more)",https://gertrudshop.com/,,https://gertrudshop.com/cdn/shop/files/9_mobile_561x824.png?v=1774940996,"Classy, comfortable womenswear."
Gon Surfing,Surf; Streetwear; Unisex,In Person,"4 Sheinkin St, Tel Aviv",https://houseofgon.com/,,https://houseofgon.com/cdn/shop/files/GONMAY16916.jpg?v=1779538505&width=800,Tel Aviv surf culture meets street fashion. Oversized silhouettes for women and men who…
Gottex,Swimwear; Legacy; Luxury,In Person,"62 Anilevich St, Yad Eliyahu, Tel Aviv (+3 more)",https://gottex.co.il/,,https://gottex.co.il/cdn/shop/files/GOTTEXlookbook1190_720x.jpg?v=1778070249,Israel's most iconic swimwear house since 1956 - Gottex dressed Hollywood and royalty lo…
Hadas Mor,Lingerie; Swimwear,Online only,,https://hadasmor.com/,,https://hadasmor.com/cdn/shop/files/DSC07717.jpg?v=1769592226&width=5000,Thoughtful breathing lingerie brand based in Pardes Hanna.
Hagar Satat,Artisan; Luxury,Online only,,https://www.hagar-satat.com/,,https://www.hagar-satat.com/wp-content/uploads/2024/06/%D7%A2%D7%92%D7%99%D7%9C-%D7%A7%D7%9C%D7%A3-%D7%90%D7%94%D7%91%D7%94-%D7%96%D7%94%D7%91-%D7%90%D7%93%D7%95%D7%9D%D7%9D-scaled.jpg,"Hagar Satat — considered, sculptural womenswear with a refined, modern hand."
Hagit Tassa,Minimalist; Denim,In Person,"214 Dizengoff St, Tel Aviv (+6 more)",https://hagitassa.com/,,https://hagitassa.com/cdn/shop/files/1031-hagitassa-26-03-26.jpg?v=1774601613&width=1800,"Contemporary womenswear focused on denim and versatile day-to-night dressing, clean line…"
Hagomels,Streetwear; Edgy; Minimalist,Online only,,https://hagomels.com/,,https://hagomels.com/cdn/shop/files/DSC09420-2_d3299fed-1a32-41ab-99af-f00102da1425.png?v=1777056946,"Independent label, small-batch, considered pieces with a quiet, modern hand."
Haia,Artisan,Online only,,https://www.haia.co.il/,,https://www.haia.co.il/cdn/shop/products/image_354a24a0-8109-415a-a29a-35704df586ab.jpg?v=1666088944,"Contemporary womenswear with a considered, creative approach."
Haptic Path,Sustainable; Natural Fabrics; Unisex; Minimalist,Online only,,https://shop.hapticpath.com/,,https://shop.hapticpath.com/cdn/shop/products/Haptic_Path_1-1889_1024x1024@2x.jpg?v=1592575672,"Modern, casual-yet-elegant clothing for men and women made from hemp, one of the most ec…"
Heroic,Minimalist,In Person,"14 Mikveh Israel St, Tel Aviv",https://heroic-online.com/,,https://heroic-online.com/cdn/shop/files/0471-heroic-24-03-26.jpg?v=1774726628&width=800,"Womenswear built around the perfect pair of pants - comfortable, flattering fits that ca…"
Hila Feinberg,Minimalist,In Person,"Givat Haim Ihud (studio, by appointment)",https://hilafeinberg.com/,,https://hilafeinberg.com/cdn/shop/files/forwebsite-267_1899x.jpg?v=1734866867,"Minimalist, oversize womenswear for those who dress with intention. Hila Feinberg create…"
Hila Shemesh,Minimalist,Online only,,https://hilashemesh.com/,,https://hilashemesh.com/cdn/shop/files/5_bda078fa-5477-4095-8394-4b9494d6a3bf.jpg?v=1747813836&width=713,"Womenswear with a careful, artisan-led approach, each piece considered, each season deli…"
Holyland Civilians,Streetwear; Edgy; Activewear; Unisex,In Person,"30 Sheinkin St, Tel Aviv (+1 more)",https://holylandcivilians.com/,,https://holylandcivilians.com/cdn/shop/files/IMG_6185-color.jpg?v=1769723876&width=480,"Edgy Mediterranean streetwear and activewear with a clubwear edge, designed for all gend…"
Hosh Studio,Minimalist,Online only,,https://hosh-studio.com/,,https://hosh-studio.com/cdn/shop/files/hosh-garden-tee-cauliflower-print-detail.jpg?v=1776764854&width=600,"Children's clothing studio by Noy Shapira - vintage-inspired, shaped by everyday life as…"
House of Jaffa,Luxury,Online only,,https://www.houseofjaffa.shop/,,"https://static.wixstatic.com/media/af21f5_85b08493ece34488a72b1a8d3ad795d6~mv2.jpg/v1/fill/w_280,h_420,al_c,q_80,usm_0.66_1.00_0.01,enc_avif,quality_auto/af21f5_85b08493ece34488a72b1a8d3ad795d6~mv2.jpg","House of Jaffa, considered fashion with a refined, design-led point of view, rooted in t…"
House of Shine,Luxury; Prints,Online only,,https://www.houseofshine.co.il/,,https://www.houseofshine.co.il/cdn/shop/files/hous10.254716.jpg?v=1771166670&width=1080,"House of Shine, occasion-wear with shimmer, sequins, and statement silhouettes for the n…"
IDEE,Minimalist,Online only,,https://idee.co.il/en,,https://idee.co.il/cdn/shop/files/Unknown_26.jpg?v=1776154792&width=713,"Rooted in idea, IDEE creates womenswear that lives in the space between structure and ea…"
Inhale Exhale,Sustainable; Activewear; Prints; Natural Fabrics,Online only,,https://www.inhaleexhale.co.il/,,"https://static.wixstatic.com/media/2bd9a3_789b63c4635743e9ab80536d6a2f1029~mv2.jpg/v1/fill/w_705,h_705,al_c,q_85,usm_0.66_1.00_0.01/2bd9a3_789b63c4635743e9ab80536d6a2f1029~mv2.jpg","Israel's first yoga muslin blanket, soft, natural, breathable."
Jessa Grey,Minimalist; Size Inclusive,Online only,,https://jessagrey.com/,,https://jessagrey.com/cdn/shop/files/JESA_GREY_0020_2048x2048.jpg?v=1773505649,"Size-inclusive basics, oversized, comfortable, and endlessly versatile."
Jetski Fashion,Streetwear; Edgy,Online only,,https://jetskifashion.com/,,assets/jetski.png,Born from a deep desire to encourage people to embrace their uniqueness.
Jin-G,Streetwear,Online only,,https://jin-g.co.il/,,https://jin-g.co.il/cdn/shop/files/JINGspTEESchn_0026_4W7A7449.jpg?v=1777362978&width=1600,"Jin-G, a contemporary label working in a relaxed streetwear register with a considered…"
Jollori,Prints,Online only,,https://www.jollori.com/,,"https://static.wixstatic.com/media/8a7b44_a3771544856d4ae790bf23af433a7b72~mv2.jpg/v1/fill/w_1905,h_964,al_c,q_85,usm_0.66_1.00_0.01,enc_avif,quality_auto/8a7b44_a3771544856d4ae790bf23af433a7b72~mv2.jpg","Independent studio, playful, considered pieces with an artistic sensibility."
JOR-D,Streetwear; Edgy,Online only,,https://jor-d.com/,,https://jor-d.com/wp-content/uploads/2026/01/MICHALl-911-1.jpg,"Every garment is a canvas, every design a message."
Jul Fashion,Minimalist,Online only,,https://julfashion.com/,,https://julfashion.com/cdn/shop/files/hedra-image-f09afe65-8d7e-4af2-aecb-7f2c24bcfb02.png?v=1777613665&width=1200,"Independent womenswear, modern, wearable pieces designed for layering and long use."
Justine Hats,Accessories; Artisan,Online only,,https://justinehats.com/,,https://justinehats.com/wp-content/uploads/2023/03/black-fashion-visor-ha-for-women-2.jpg,"Millinery, handcrafted hats for every occasion and every mood."
Kaisra Design,Luxury,Online only,,https://www.kaisradesign.com/,,"https://static.wixstatic.com/media/50fd66_52b38d9314a841e688b2212f658fd9a8~mv2.jpg/v1/fill/w_702,h_1053,al_c,q_85,usm_0.66_1.00_0.01,enc_avif,quality_auto/50fd66_52b38d9314a841e688b2212f658fd9a8~mv2.jpg","Born from the search for a precise balance - garments that feel like a second skin, wrap…"
Karen Mizrahi,Luxury,Online only,,https://karenmizrahi.co.il/,,https://karenmizrahi.co.il/cdn/shop/files/karen59486.jpg?v=1763364640&width=3000,"Womenswear for day and night, elegant, wearable, and considered. Karen Mizrahi designs w…"
Karen Shavit,Prints; Size Inclusive,Online only,,https://karen-shavit.com/,,https://karen-shavit.com/cdn/shop/files/2_691d2e63-ae66-4bb4-bde9-6430414fc013_600x.jpg?v=1780243422,"Fun, colourful, and size-inclusive womenswear with a joyful, optimistic spirit. Karen Sh…"
Kedem Sasson,Artisan; Luxury,Online only,,https://www.kedem-sasson.com,,https://www.kedem-sasson.com/wp-content/uploads/2026/03/p47-pur.webp,"Dramatic, sculptural womenswear, Kedem Sasson designs garments that command a room, with…"
Keren Wolf,Accessories; Artisan; Footwear,Online only,,https://kerenwolf.co.il/,,https://kerenwolf.co.il/cdn/shop/files/KerenWolf_01-02-24_0610_1800x1800.jpg?v=1771505844,"Keren Wolf, an accessories label known for handcrafted bags and shoes with a sculptural…"
Kianne Frankfurt,Luxury,Online only,,https://kiannefrankfurt.com/,,https://kiannefrankfurt.com/wp-content/uploads/2026/02/Kianne_Zohara-2-40-copy-min-scaled-1.jpg,"Designer Kianne Frankfurt, womenswear with a refined, considered hand and a focus on cra…"
Kid A,Minimalist; Prints; Size Inclusive,Online only,,https://thisiskida.com/,,https://thisiskida.com/wp-content/uploads/2024/05/kid-a-4.6.24-1705.jpg,"Size-inclusive basics and bold prints, Kid A is for the woman who believes in comfort as…"
Kimka Studio,Artisan; Sustainable; Natural Fabrics,Online only,,https://kimka-studio.com/,,https://kimka-studio.com/cdn/shop/products/Kimka_-572_1024x1024.jpg?v=1644521255,"Kim Dror's studio specialises in indigo-dyed clothing and textiles, informed by traditio…"
Kisim,Accessories,In Person,"11 Barzilai St, Tel Aviv",https://kisim.com/he/,,https://kisim.com/wp-content/uploads/2025/05/%D7%9E%D7%AA%D7%A7%D7%A4%D7%9C-%D7%9B%D7%A4%D7%95%D7%9C-%D7%9C%D7%95%D7%A7%D7%91%D7%95%D7%A7-17.webp,"Bags, wallets, purses, and backpacks with a distinctive design sensibility, functional o…"
Lara Rosnovsky,Prints; Swimwear,Online only,,https://www.lararosnovsky.com/,,https://cdn.shopify.com/s/files/1/0036/2083/1301/files/20240409_091330.jpg?v=1718518881,"Kimono-inspired, colourful, and deeply feminine, Lara Rosnovsky's patterned loungewear a…"
Layou,Minimalist; Size Inclusive,Online only,,https://layoudesign.com/,,https://layoudesign.com/cdn/shop/files/LAYOU7313102.jpg?v=1757712998&width=700,"Size-inclusive womenswear built on oversize silhouettes, textured fabrics, and considere…"
Lazyeyeppl,Streetwear; Edgy,Online only,,https://lazyeyeppl.com,,https://lazyeyeppl.com/cdn/shop/files/lazy_eye_8_2_26232840.jpg?v=1770804433,"A Tel Aviv label with a distinctive editorial eye, considered, original work that refuse…"
Liah by Liat Raziel,Prints,Online only,,https://www.liah-online.com/,,https://www.liah-online.com/cdn/shop/files/081A1393.jpg?v=1746905462&width=1445,Liat Raziel designs from a belief that fashion is both a necessity and self-expression.
Lika Swimwear,Swimwear,Online only,,https://likaswimwear.com/,,https://likaswimwear.com/cdn/shop/files/3B782E70-6D19-4B5D-879F-5AA33DCA9462.jpg?v=1736693082&width=1800,"Swimwear designed for real bodies and Mediterranean summers - flattering cuts, modern si…"
Luka Chari,Menswear; Minimalist,Online only,,https://lukachari.co.il/,,https://lukachari.co.il/cdn/shop/files/3-black-7.jpg?v=1775543564&width=2000,"Men's basics, born from a search for clothes that feel truly right."
Maayan Paz,Minimalist,In Person,"30 Yehuda Margoza St, Jaffa (+1 more)",https://maayanpaz.co.il/,,https://maayanpaz.co.il/cdn/shop/files/DSCF5210.jpg?v=1779995161&width=700,"Womenswear since 2012, minimalist lines, flattering cuts, and luxurious fabrics."
Macchia Studio,Activewear; Sustainable; Artisan; Natural Fabrics,Online only,,https://macchiastudio.com/,,https://macchiastudio.com/cdn/shop/files/SHP_2207_1100x.jpg?v=1768990914,"Natural tie-dye, organic fabrics, and ethically produced activewear and loungewear - Mac…"
Madam Bubu,Minimalist; Size Inclusive,Online only,,https://madambubu.com/,,https://madambubu.com/wp-content/uploads/2025/10/MADAM_BUBU_1750-683x1024.jpg,"Relaxed, achromatic, and body-celebrating - Madam Bubu designs clothes that feel like th…"
Made by Har,Artisan; Minimalist,Online only,,https://madebyhar.com/,,https://madebyhar.com/cdn/shop/files/8_f87665d8-f743-40c3-802a-e4826c629b3c.jpg?v=1748957887,"Independent label by designer Har, small-batch womenswear made with care, with a quiet…"
Magia,Streetwear; Edgy; Prints,Online only,,https://www.magiaworldwide.com/,,"https://static.wixstatic.com/media/f13a3b_91da0431ed974124bbbb90ad8d516f86~mv2.png/v1/fill/w_898,h_1348,al_c,usm_0.66_1.00_0.01/f13a3b_91da0431ed974124bbbb90ad8d516f86~mv2.png","Tshirts, prints, creative edgy designed tshirts and more"
Maim Jewelry,Jewelry; Artisan,Online only,,https://www.maimjewelry.com/,,"https://static.wixstatic.com/media/8ab69b_d6ba6150cb5a4024be02d8235c845532~mv2.jpeg/v1/fill/w_1905,h_854,al_c,q_85,usm_0.66_1.00_0.01,enc_avif,quality_auto/8ab69b_d6ba6150cb5a4024be02d8235c845532~mv2.jpeg","A jewelry studio of delicate, considered pieces inspired by water and natural form."
Maskit,Artisan; Legacy; Luxury,In Person,"Maskit House, 14 HaTsorfim St, Old Jaffa (+3 more)",https://maskit.com/,,https://maskit.com/cdn/shop/files/Maskit_11-03-26_3167.jpg?v=1773583176&width=1800,"Founded in 1954 by Ruth Dayan, Maskit is Israel's first and only haute couture house, pr…"
Maya Bash,Minimalist; Sustainable; Unisex,Online only,,https://www.mayabash.com/,,https://www.mayabash.com/f-users/user_106647/website_205343/images/img_1325.jpg,"A minimalist, gender-neutral practice where precise tailoring meets conceptual innovatio…"
Maya Negri,Minimalist,Online only,,https://mayanegri.com/,,https://mayanegri.com/cdn/shop/files/E1B4B2FD-5361-4EDA-92B0-57833D1F48EE_1350x1800.jpg?v=1776700300,"Womenswear designed in soft, considered silhouettes with a quiet, contemporary hand."
Mishi,Minimalist,In Person,"50 HaTzabar St, Tel Mond",https://mishi.style/,,https://mishi.style/cdn/shop/files/WhatsAppImage2026-05-18at21.33.28_1_1800x1800.jpg?v=1779129415,"A curated boutique founded in spring 2016, devoted to a hand-picked team of Israeli wome…"
Mishimono,Minimalist,Online only,,https://mishimono.com/,,https://mishimono.com/wp-content/uploads/2025/12/2-11-683x1024.jpg,Womenswear with a Japanese-inflected sensibility. Mishimono works in considered silhouet…
Miss Nori,Minimalist,Online only,,https://missnori.com/,,https://missnori.com/cdn/shop/files/2025_01_21-MN46178.jpg?v=1769020710&width=1800,"Easy, wearable pieces with a soft, feminine sensibility and considered everyday silhouet…"
Mors,Artisan; Luxury; Denim,Online only,,https://morsdesigners.com/,,https://morsdesigners.com/wp-content/uploads/2025/11/%D7%91%D7%90%D7%A0%D7%A8-%D7%9C%D7%9E%D7%97%D7%A9%D7%91.png,"Mor Hemed's Tel Aviv design house walks the line between art and fashion, denim art, scu…"
Muslin Brothers,Conceptual,Online only,,https://www.muslinbrothers.com/,,"https://static.wixstatic.com/media/a25c6e_aba9669ec6634536a94cf10a7e42b5f1~mv2.jpg/v1/fill/w_441,h_601,al_c,q_80,usm_0.66_1.00_0.01,enc_avif,quality_auto/a25c6e_aba9669ec6634536a94cf10a7e42b5f1~mv2.jpg","Founded in Tel Aviv in 2011 by Tamar Levit and Yaen Levi, now based in Brussels."
Myki Boutique,Minimalist,Online only,,https://mykiboutique.com/,,https://mykiboutique.com/cdn/shop/files/2026_04_MYKI0704.jpg?v=1777562725&width=1200,A small boutique label - understated everyday pieces designed for soft layering and easy…
Mystified Labor,Conceptual,Online only,,https://mystifiedlabor.com/,@mystified.labor,https://mystifiedlabor.com/cdn/shop/files/base.png?v=1780765228&width=1500,"A conceptual label, pieces that turn process into form, working at the edge of fashion a…"
Nataly Shevilly,Luxury,Online only,,https://natalyshevilly.co.il/,,https://natalyshevilly.co.il/wp-content/uploads/2026/05/372103-1.jpg,"Designer label by Nataly Shevilly - elegant, occasion-ready pieces with a feminine, cons…"
Neta Efrati,Luxury,Online only,,https://netaefrati.com/,,https://netaefrati.com/cdn/shop/files/2Q6A7718.jpg?v=1774436639&width=1067,Evening-wear designer with a flagship on Dizengoff Square - Neta Efrati specializes in o…
NewG Lingerie,Lingerie; Activewear; Size Inclusive,Online only,,https://newglingerie.com/,,https://newglingerie.com/cdn/shop/files/2-modells-withsupport-tank-top-large-breasts-built-in-bra-front-view-black-brown.webp?v=1773519588,"Founded by Alex, NewG exists to solve the lingerie problem for larger cup sizes who want…"
Nina by Mili,Minimalist,Online only,,https://www.ninabymili.com/,,https://www.ninabymili.com/cdn/shop/files/Untitled_800x1200px_800x1200px_23.jpg?v=1773861711,"Soft, feminine sensibility and contemporary tailoring."
Nine to Five TLV,Accessories; Minimalist,Online only,,https://ninetofivetlv.com/,,https://ninetofivetlv.com/wp-content/uploads/2024/07/%D7%A8%D7%99%D7%955-681x1024.jpg,"Tel Aviv eyewear born from a small dream - making stylish, quality frames accessible at…"
Ofir Ivgi,Artisan; Prints; Menswear,Online only,,https://ofirivgi.com/,,https://ofirivgi.com/cdn/shop/files/20263_1440x.jpg?v=1773960663,"Tel Aviv-based womenswear and menswear with a graphic, expressive hand, printed dresses…"
Ofnat Bracha,Minimalist,Online only,,https://www.ofnatbracha.com/,,"https://static.wixstatic.com/media/4b4a4f_f44205f059c24c188bf54c58b42f0f02~mv2.jpg/v1/fill/w_1012,h_1348,al_c,q_85,usm_0.66_1.00_0.01/4b4a4f_f44205f059c24c188bf54c58b42f0f02~mv2.jpg",Designer Ofnat Bracha young and fun
OM-ME,Activewear; Sustainable; Minimalist,Online only,,https://www.ommetlv.com/,,"https://static.wixstatic.com/media/86f77e_f6e859b02eb147d0b5847fd2a1e9ad92~mv2.jpg/v1/fill/w_441,h_589,al_c,q_80,usm_0.66_1.00_0.01,enc_avif,quality_auto/86f77e_f6e859b02eb147d0b5847fd2a1e9ad92~mv2.jpg",Tel Aviv activewear and basics for the in-between moments.
Omer Ash,Artisan; Minimalist,Online only,,https://omerash.com/,,https://omerash.com/cdn/shop/files/bl1.png?v=1776957974,"Founded in 2022 in Atlit by Omer Ash at 18, a self-taught designer who learned sewing an…"
On'nanoko,Minimalist; Unisex; Natural Fabrics; Menswear,In Person,Kibbutz Ma'agan Michael (flagship),https://www.onnanoko.co.il/,,https://www.onnanoko.co.il/cdn/shop/files/227502LUMINATOP227522HORIZONPANTS_9.jpg?v=1774525711,"ONNANOKO ('girls' in Japanese), from Kibbutz Ma'agan Michael, makes comfortable, soft, n…"
101 Brand Jeans,Streetwear; Minimalist; Denim,Online only,,https://101brandjeans.com/,,https://101brandjeans.com/cdn/shop/files/101JEANS312714.jpg?v=1777189993&width=980,"A denim label, everyday jeans designed for fit, comfort, and a clean, modern silhouette."
Ori Tamir,Jewelry; Artisan,Online only,,https://www.oritamir.com/,,https://www.oritamir.com/wp-content/uploads/2026/05/IMG_2534-2.jpg,"Self-taught silversmith Ori Tamir works in 925 silver, without molds - each piece treate…"
Orly Yaron,Minimalist,Online only,,https://www.instagram.com/orlyyaron/,,assets/brands/orly-yaron.png,"Designer Orly Yaron's eponymous label, independent womenswear with a personal, considere…"
OT Couture,Luxury; Artisan; Prints,Online only,,https://ot-couture.com/,,https://ot-couture.com/cdn/shop/files/yellow_dre.jpg?v=1741270205&width=1200,"Sometimes a single letter tells the whole story. OT Couture, Hebrew for 'Letter Couture'…"
OZ Capsule,Minimalist; Sustainable,Online only,,https://ozcapsule.com/,,https://ozcapsule.com/cdn/shop/files/lin-643863.jpg?v=1730735611&width=4096,A capsule-wardrobe philosophy - OZ Capsule builds tightly edited collections of consider…
Palms and Tigers,Prints; Artisan,In Person,"55 Hahalutzim St, Tel Aviv",https://palmsandtigers.info/,,https://palmsandtigers.info/cdn/shop/files/zoom_in_new.png?v=1767369845&width=493,"A prints collection inhabiting a world of ancient ruins, Greek statues, botanical elemen…"
Pasiim,Artisan; Prints,Online only,,https://pasiim.com/,,https://pasiim.com/wp-content/uploads/2025/10/A9763984-4692-4998-8EBF-6BBB1C76C82E.webp,"Textured fabrics, hand-finishes and a playful but grounded approach to print and pattern."
Pattern Streetwear,Streetwear; Prints,Online only,,https://patternstreetwear.com/,,https://patternstreetwear.com/cdn/shop/files/IMG_11504.jpg?v=1774988584&width=1400,Streetwear rooted in bold pattern and graphic design - standout pieces for those who wea…
Petit Pois Studio,Minimalist,Online only,,https://petitpoistudio.co.il/,,https://petitpoistudio.co.il/cdn/shop/files/IMG_5873_400x.progressive.jpg?v=1770395465,"A small design studio with a soft, considered aesthetic - Petit Pois makes thoughtful pi…"
Pioo Pioo,Luxury; Prints,Online only,,https://pioopioo.com/,,https://pioopioo.com/cdn/shop/files/IMG_1777_a6547564-0cac-4e5f-8707-cbb31f6e5171.jpg?v=1748971395&width=720,"Founded in 2008 by Mor Valin (Shenkar), Pioo Pioo became an overnight phenomenon in Isra…"
Plazmalab,Streetwear; Edgy; Prints; Activewear,Online only,,https://plazmalab.com/,,https://cdn.modulus.co.il//plazmalab/www.plazmalab.com/images/GRID%20THEORY%20BROWN%20TD_0005_Layer%2084.jpg?width=1000&height=1200&mode=pad,An artist collective making psychedelic and urban tribe clothing - handmade in-house wit…
Raven,Activewear; Minimalist,Online only,,https://raven.co.il/,,https://raven.co.il/cdn/shop/files/GenerativeFill_5e458c74-74b4-4104-8295-2377876a0dd4.jpg?v=1755092364&width=600,Built to flatter the female body and stay comfortable from gym to street to office.
Reggie Studio,Artisan; Jewelry; Sustainable,Online only,,https://reggiestudio.com/,@reggie_jewelry,https://reggiestudio.com/cdn/shop/files/16.5.jpg?v=1741616033&width=800,"Handmade, high-end lifestyle jewelry by Reut Galili, launched in Tel Aviv in 2016. Bold…"
Ripple Yoga Wear,Activewear; Sustainable; Minimalist,Online only,,https://rippleyogawear.com/,,https://rippleyogawear.com/cdn/shop/files/IMG_4231_2048x.jpg?v=1707993718,"Yoga and movement wear designed for flow - soft, breathable fabrics in calm, considered…"
Rona Clogs,Accessories; Footwear,Online only,,https://ronaclogs.co.il/,,https://ronaclogs.co.il/cdn/shop/files/screen-8490.jpg?v=1773403900&width=1024,Swedish wooden clogs reimagined for Israel.
Roni Bar,Minimalist,In Person,"84 Ben Zvi Rd, Tel Aviv",https://www.ronibar.com/,,https://www.ronibar.com/wp-content/uploads/2023/05/0t8a2110-scaled.jpeg,Wear Yourself - Roni Bar's Tel Aviv studio (84 Ben Zvi Rd) crafts womenswear that moves…
Rosery Jewelry,Jewelry; Artisan,Online only,,https://roseryjewelry.com/,,https://roseryjewelry.com/cdn/shop/files/662E8363-A6B8-4633-BCF9-F2C1B9876F46.jpg?v=1759244090&width=800,"Handcrafted jewelry, delicate, considered pieces designed for everyday wear."
SAAG,Streetwear; Accessories,Online only,,https://saag.co.il/,,https://saag.co.il/wp-content/uploads/2025/02/ttyg-82-scaled.jpg,"Contemporary womenswear and accessories - tops, dresses, pants, skirts, and a strong acc…"
Saisei,Sustainable; Minimalist,Online only,,https://wearesaisei.co.il/,,https://wearesaisei.co.il/cdn/shop/files/Untitled_design_-_2026-05-03T101651.667.jpg?v=1777792624&width=1200,Saisei - meaning rebirth in Japanese - label rooted in regeneration: considered fabrics…
Sdom TLV,Streetwear; Edgy; Prints,Online only,,https://sdomtlv.com/,,https://sdomtlv.com/cdn/shop/files/Tezza-9958_f7801b22-4a45-4b99-8e9b-c7400c7d7085.jpg?v=1763571906&width=2000,"Streetwear by Stav Greenhouse - illustration, design and street culture woven into one v…"
Semek Studio,Artisan; Conceptual,Online only,,https://semekstudio.com/,,https://semekstudio.com/cdn/shop/files/A7614D0E-44DB-4632-B7B2-0D14C7C11225.jpg?v=1760401718&width=3840,"For those who still believe in love, for those who gave up on it."
7 Generations,Sustainable; Natural Fabrics,Online only,,https://7generations.co.il/,,https://media.easy.co.il/images/UserPics/25975726_1639392378612.jpeg,"A label thinking past the season - designs made to last seven generations, with an empha…"
Shahar Avnet,Luxury; Artisan; Prints,Online only,,https://shahar-avnet.com/,,https://cdn.shopify.com/s/files/1/0695/8255/3190/files/s.a_336_1200x.jpg?v=1776669153&width=700&format=webp,"Couture-leaning designer Shahar Avnet - known internationally for tulle, hand-painting…"
Sheron Designs,Artisan; Festival,Online only,,https://www.sherondesigns.com/,,https://www.sherondesigns.com/cdn/shop/files/Untitleddesign-2024-01-18T144603.419_9d6ae016-8de5-41af-a5ad-ab5d75d2a81b.jpg?v=1748861511&width=600,"Sculptural, boho festival design from Sheron - pieces that move between art and apparel."
Shirly Halperin,Minimalist,Online only,,https://www.shirlyhalperin.com/,,https://images.squarespace-cdn.com/content/v1/5aa5328f0dbda33f405240b1/1721348790873-Y0YYX8ILAFGRQO3JIANK/8205F3A7-299C-4147-9A46-6908F9408B65.jpeg?format=750w,"Founded in 2004 on Zamnehoff Street, Tel Aviv, a small independent label grown into a un…"
Shuzi Jewelry,Jewelry; Artisan,Online only,,https://www.shuzi-jewelry.com/,,"https://static.wixstatic.com/media/dd35a4_5e686b4f0288480b80e861b11f0af20b~mv2.jpg/v1/fill/w_302,h_501,al_c,q_80,usm_0.66_1.00_0.01,enc_avif,quality_auto/dd35a4_5e686b4f0288480b80e861b11f0af20b~mv2.jpg","Designed and handcrafted in Israel by Sharon Gendelman - fresh, unique pieces inspired b…"
Slimz,Minimalist; Activewear; Lingerie,Online only,,https://slimz.co.il/,,https://slimz.co.il/cdn/shop/files/SLIMZ15.12-0502.webp?v=1766504477&width=1200,"Shapewear and second-skin essentials - Slimz designs sleek, sculpting basics built to la…"
Studio Noa,Artisan; Minimalist,Online only,,https://www.studio-noa.co.il/,,https://www.studio-noa.co.il/wp-content/uploads/2026/04/noa22993-2.webp,"Independent studio working in clean, considered silhouettes, quietly modern womenswear m…"
Studio Oh Design,Minimalist,Online only,,https://studioohdesign.com/,,https://studioohdesign.com/cdn/shop/files/BlackCoalGemStud05_5000x.jpg?v=1771069545,A design studio working at the intersection of considered womenswear and craft-led produ…
Subtle Body,Conceptual; Minimalist,Online only,,https://subtlebody.store/,,https://subtlebody.store/cdn/shop/files/IWJ_4.jpg?v=1744636097&width=713,"A practice shaped to evoke unique states of mind, drawing from imagined utopian futures."
Sugar & Spice TLV,Streetwear,Online only,,https://sugarandspicetlv.com/,,https://sugarandspicetlv.com/cdn/shop/files/99BEBA23-025B-48B0-85E8-67990FFB6A43.jpg?v=1774265435&width=1780,"Tel Aviv-based label with a sweet-meets-sharp edge, Sugar & Spice TLV designs for the wo…"
Take a Nap,Activewear; Minimalist,In Person,"96 Hashmona'im St, Tel Aviv (TLV Mall) (+5 more)",https://takeanap.co.il/,,https://takeanap.co.il/cdn/shop/files/2025_10_23_NAP14668.jpg?v=1761659855&width=700,"Soft, minimalist loungewear and homewear in beautifully textured fabrics designed for th…"
Tal Maslavi,Jewelry; Artisan,Online only,,https://talmaslavi.com/,,https://talmaslavi.com/cdn/shop/files/TalMaslavi_Jewels12197_R.jpg?v=1742834122&width=1680,"Designer Tal Maslavi's jewelry house - fine, sculptural pieces designed to feel at once…"
Tetra Jewelry,Jewelry; Artisan,Online only,,https://www.tetrajewelry.com/,,"https://static.wixstatic.com/media/e088d3_b9e8afb5d6714a48921326751d83d781~mv2.jpg/v1/crop/x_0,y_371,w_5504,h_7514/fill/w_536,h_713,al_c,q_85,usm_0.66_1.00_0.01,enc_avif,quality_auto/IMG_4257%20-%20resize%20.jpg","Handmade unisex silver jewelry by Guy Schwartz - original, wild, asymmetrical pieces bor…"
The Freeder,Streetwear; Activewear,Online only,,https://thefreeder.com/,,https://thefreeder.com/cdn/shop/files/3039c56673c093e5eeb0ba9bd74d58a7.png?v=1762510043,"Born from a dancer's borrowed basketball pants, baggy, practical, with big pockets."
The Little Camel,Accessories; Artisan,Online only,,https://thelittlecamel.co.il/,,https://thelittlecamel.co.il/cdn/shop/files/424_1200x.jpg?v=1656921760,"Colourful, artsy wallets, purses, and accessories with a handcrafted soul, small objects…"
Toda & Co,Prints; Streetwear; Edgy,Online only,,https://todaxco.com/,,https://todaxco.com/cdn/shop/collections/CBA119C4-FD88-40D2-9E4D-7A3148B2F164.jpg?v=1774708514&width=1080,TODA - Hebrew for 'thank you' - plays the in-between. Punk and graffiti energy on one si…
Toppatsu,Streetwear; Prints,Online only,,https://toppatsu.co.il/,,https://toppatsu.co.il/cdn/shop/files/tupatzu_18-365423.jpg?v=1774848018&width=840,"Playful, graphic design with a Japanese-leaning sensibility - Toppatsu makes the kind of…"
TRES TLV,Sustainable; Minimalist,In Person,"65 Pinhas Rosen St, Tel Aviv (+1 more)",https://trestlv.com/,,https://trestlv.com/cdn/shop/files/TRES9.3.2610788.jpg?v=1773160140&width=1080,"Launched in 2014 by three women, friends and Shenkar fashion graduates, on the principle…"
Tula,Size Inclusive,Online only,,https://tula-tula.com/,,https://tula-tula.com/cdn/shop/files/tula290538_1600x.jpg?v=1780074990,"Everyday quality womenswear, relaxed silhouettes, great pants, style and comfort for all…"
2sis,Artisan; Minimalist,Online only,,https://2sis.co.il/,,https://2sis.co.il/cdn/shop/files/30880.jpg?v=1773847474&width=1946,"Womenswear by two sisters - small-batch pieces with a clean, contemporary hand."
Ugly Duckling TLV,Swimwear; Lingerie,Online only,,https://gal-angel.com/,,https://gal-angel.com/cdn/shop/files/2V8A7283.jpg?v=1687939677,"A Tel Aviv fashion house born in summer 2008, specialising in flattering women's swimwea…"
Ulla,Sustainable; Size Inclusive,Online only,,https://ulla.co.il/,,https://ulla.co.il/wp-content/uploads/images/3c64da34-d0f6-11f0-878c-6e119a947c39-scaled.jpg,"Comfortable, practical basics - no chasing trends, no seasons."
Uniform Apparel,Sustainable; Minimalist; Natural Fabrics,Online only,,https://shopuniformapparel.com/,,https://shopuniformapparel.com/cdn/shop/files/retroextra.jpg?v=1776777380&width=3000,"100% natural fabrics. No synthetics, ever."
Ustabelle,Knitwear; Minimalist; Luxury; Natural Fabrics,Online only,,https://ustabelle.co.il/,,https://ustabelle.co.il/cdn/shop/files/0014--ustabelle-15-03-261.jpg?v=1773655306&width=1667,"Premium denim, cashmere blends, and timeless tailored basics, with custom-dyed fabrics t…"
Vague Black,Minimalist; Sustainable,Online only,,https://vagueblack.com/,,https://vagueblack.com/cdn/shop/files/DSC08262_840x.jpg?v=1775382787,Founded 2016 by Anuk Yosebashvili and Yaron Shmerkin.
Vered Grebelsky,Sustainable; Artisan; Size Inclusive,Online only,,https://www.veredgrebelsky.com/,,https://www.veredgrebelsky.com/cdn/shop/files/IMG_0214-Edit_1800x1800.jpg?v=1711366715,Slow-fashion womenswear made in Israel - functional pieces meant to live in a wardrobe f…
White Nilus,Artisan; Minimalist,Online only,,https://www.white-nilus.com/,,"https://static.wixstatic.com/media/7a7e94_1ce2b8fb2c96457aabe4ddb0e458d1e0~mv2.jpg/v1/fill/w_693,h_420,al_c,q_80,usm_0.66_1.00_0.01,enc_avif,quality_auto/7a7e94_1ce2b8fb2c96457aabe4ddb0e458d1e0~mv2.jpg","Born from a deep connection to nature and raw materials - timeless jewelry in silver, go…"
Yael Orgad,Minimalist,Online only,,https://yaelorgad.co.il/en,,https://yaelorgad.co.il/cdn/shop/files/YaelOrgad28042642576.jpg?v=1777553479&width=1445,"Designer Yael Orgad's eponymous label, considered womenswear with a careful, contemporar…"
Yodfat,Minimalist,Online only,,https://yodfat.shop/,,https://yodfat.shop/wp-content/uploads/2026/03/4G8A9624.jpg,"At the entrance to Yodfat in the Galilee, set among oak trees with breathtaking views."
Yoske,Accessories,Online only,,https://www.wearyourheart-yoske.com/,,"https://static.wixstatic.com/media/f0d83a_ae2cfe088a5c48f28d9616e9092ae22f~mv2.jpg/v1/fill/w_463,h_694,al_c,q_85,usm_0.66_1.00_0.01/f0d83a_ae2cfe088a5c48f28d9616e9092ae22f~mv2.jpg",Designed by Dorin Cohen Nissan in memory of her grandfather Yoske.
Zikger,Minimalist,Online only,,https://zikger.co.il/,,https://zikger.co.il/cdn/shop/files/DSC06454.jpg?v=1754045837&width=1800,"Womenswear label Zikger, considered, contemporary pieces with a calm, design-led sensibi…"
Zucker Studio,Minimalist,Online only,,https://zuckerstudio.com/,,https://zuckerstudio.com/cdn/shop/files/ZUCKER64258.jpg?v=1778058415&width=1200,"Foundational basics for the modern urban wardrobe, timeless, seasonless, and indifferent…"
Larus,Accessories; Footwear,Online only,,https://larus.co.il/,,https://larus.co.il/wp-content/uploads/2026/02/%D7%A2%D7%99%D7%A6%D7%95%D7%91-%D7%9C%D7%9C%D7%90-%D7%A9%D7%9D-2026-03-17T160045.663-888x1065.png,"A women's footwear label for those who rewrite the rules, named after the seagull and in…"
Giselle,Sustainable; Minimalist; Natural Fabrics,Online only,,https://www.gisellet.com/,,"https://static.wixstatic.com/media/1691bd_cb15f86a7cda4efab30f2f73a2d1d973~mv2.jpg/v1/fill/w_1094,h_1458,q_90,enc_avif,quality_auto/1691bd_cb15f86a7cda4efab30f2f73a2d1d973~mv2.jpg","Designer Rivi's thoughtfully crafted T-shirt label, locally produced in 100% high-qualit…"
Rams,Menswear; Minimalist; Sustainable,Online only,,https://www.ramstreetwear.com/,,https://www.ramstreetwear.com/cdn/shop/files/1_5ba9429b-037c-4bf9-bacd-523b1167289f.png?v=1772616310&width=3840,"A menswear label built around clean cuts, precise pieces, and an everyday presence."
Flaeshwear,Streetwear,Online only,,https://www.flaeshwear.com/,,"https://static.wixstatic.com/media/03771d_b1d87a546581450e93af9c1e002c2660~mv2.jpg/v1/fill/w_496,h_662,al_c,q_80,usm_0.66_1.00_0.01,enc_avif,quality_auto/03771d_b1d87a546581450e93af9c1e002c2660~mv2.jpg","A return to colour, structure, and unapologetic presence, flæsh draws its visual languag…"
Gershon Bram,Artisan; Luxury,Online only,,https://gershon-bram.com/,,https://gershon-bram.com/wp-content/uploads/2026/02/Untitled-Album-404-of-512-scaled.jpeg,"Contemporary womenswear with modern tailoring and relaxed silhouettes, high-quality fabr…"
Gladis,Minimalist,Online only,,https://www.gladis-shop.com/,,https://www.gladis-shop.com/cdn/shop/files/IMG_9247.jpg?v=1757854440,"A boutique womenswear label blending classic style with vintage touches, flattering, ori…"
Stella and Lori,Artisan; Luxury,Online only,,https://www.stellaandlori.com/,,https://www.stellaandlori.com/cdn/shop/files/0555-S_L-16-04-26_1200x1800.jpg?v=1779182316,"Two Tel Aviv sisters, from branding and architecture, named for their grandmothers Stell…"
Tali Dadon,Activewear; Sustainable,In Person,"Near Ayalon Mall, Ramat Gan (studio, by appointment)",https://www.talidadon.com/,,https://www.talidadon.com/wp-content/uploads/2023/06/20230529_111831-scaled.webp,"Recycled-fabric activewear, performance textiles imported from Italy and made from fishi…"
Justwo Jewelry,Jewelry; Artisan,Online only,,https://justwo-jewelry.co.il/,@justwo_jewerly,https://justwo-jewelry.co.il/wp-content/uploads/2025/08/%D7%A1%D7%9863.jpg,"Timeless, feminine necklaces and layered sets by stylist Shiri Greenstein, classic piece…"
Konki Collection,Streetwear; Prints,Online only,,https://konkicollection.com/en,,https://konkicollection.com/cdn/shop/files/2_b53cdcaf-7722-4733-a241-a736dfe55f2a.png?v=1744970858&width=800,"A new fashion brand whose collections are much more than meets the eye, built around val…"
Omi,Streetwear,Online only,,https://omi-brand.com/,,https://omi-brand.com/cdn/shop/files/870c6e32-48b2-4622-a118-9abbd0c00fe6.jpg?v=1743013983,"Founded by two wounded IDF veterans together with fellow soldiers, a label that turns pe…"
Zohara,Accessories; Lingerie; Swimwear,Online only,,https://zoharatights.co.il/,,https://zoharatights.co.il/cdn/shop/files/51_632cc0ff-8aba-4a55-9938-80f6eef9db00.jpg?v=1775753454&width=600,"Started in 2010 with a clear vision, take the classic basic tights and turn them into a…"
Seestarz,Contemporary; Ready-to-Wear; Swimwear,Online only,,https://seestarz.com/,@seestarz,https://seestarz.com/cdn/shop/files/2H3A5976.jpg?v=1778854919&width=1800,"An online women's fashion house by sisters Alona and Daniela Tzur, with a new drop every…"
Panta Rei,Activewear; Swimwear,Online only,,https://www.panta-rei.com/,,https://www.panta-rei.com/pub/media/catalog/product/cache/2ae2fb788942888b80ddda186f9748bd/l/a/LA01290_LM93K_1-1775466914732291.jpg,"Quality sportswear built to move with you, leggings, sports bras, studio and running kit…"
Precious Individuals,Artisan; Minimalist,Online only,,https://www.precious-individuals.com/,,"https://static.wixstatic.com/media/686d8d_3766dd56125e4e8e92df6872139bb111~mv2.jpg/v1/fill/w_470,h_705,al_c,q_85,usm_0.66_1.00_0.01/686d8d_3766dd56125e4e8e92df6872139bb111~mv2.jpg","Yasmin Dayan's Tel Aviv studio, handmade women's fashion, locally designed and made."
Cnaan Studio,Jewelry; Artisan; Minimalist,Online only,,https://cnaanstudio.co.il/,,https://cnaanstudio.co.il/cdn/shop/files/copy_8ae7eae2-c2ee-49ae-b7dc-08f0f5f52eec.jpg?crop=center&height=914&v=1773206106&width=914,"A boutique jewelry brand handcrafted by Noa Cnaan, inspired by the beauty of handmade wo…"
Figura,Footwear; Artisan; Legacy,Online only,,https://www.figurashoes.com/,,https://www.figurashoes.com/wp-content/uploads/2026/05/WhatsApp-Image-2026-05-03-at-9.25.16-AM.jpeg,"A footwear house founded by Eli Shukron in 1989 with nothing but belief, a single hide o…"
Skirtly,Minimalist,Online only,,https://skirtly.co.il/,,https://skirtly.co.il/cdn/shop/files/1_3785e62c-ce41-49f4-972f-4ae6ef667183.png?v=1756644382&width=1680,"Womenswear designed around that moment in front of the mirror, when a garment doesn't ju…"
Sun Set,Prints; Swimwear,Online only,,https://sunset.design/,,https://sunset.design/wp-content/uploads/2022/12/1-14-scaled-390x490.jpg,Born from the idea that freedom isn't a vacation but a state of mind.
Nivi Scrunchies,Accessories; Artisan,Online only,,https://niviscrunchies.co.il/,,https://niviscrunchies.co.il/wp-content/uploads/2025/10/DSCF0076-scaled.jpg,"A small brand born from Nivi's love of making and handcraft, she started sewing at 16, f…"
Wine Not,Minimalist; Sustainable,Online only,,https://winenotbrands.com/,,https://winenotbrands.com/cdn/shop/files/WINENOT3.3-11825.jpg?v=1772643708&width=700,"A label that makes everything locally, from idea to cut to final stitch."
Boe Body,Lingerie; Minimalist; Size Inclusive,Online only,,https://boebody.com/,,https://boebody.com/cdn/shop/files/eda5a741c846bbfe7ed86428bd5466e4.png?v=1768984998&width=600,"Shapewear, underwear, and tops that you can breathe in and look great."
Heartbit Culture,Streetwear,Online only,,https://heartbit-culture.com/,,https://heartbit-culture.com/cdn/shop/files/5DC18A17-2FFE-4F7A-A0F2-B00F9B03FCE8.jpg?v=1767356956&width=1680,"From the beat of the rave to the rhythm of the streets, techno-driven streetwear built t…"
HOP,Minimalist,Online only,,https://h-o-p.co.il/,,https://h-o-p.co.il/wp-content/webp-express/webp-images/uploads/2026/02/20-4.jpg.webp,"' It's not the garment that changes a woman, but the feeling she gets from it."
Tamara Gartenberg,Jewelry; Artisan; Prints,Online only,,https://www.tamaragartenberg.com/,,https://www.tamaragartenberg.com/wp-content/uploads/2025/10/IMG_1780-920x1227.jpg,"A Bezalel graduate who founded Tamara in 2005, a brand that began with vividly colourful…"
Tamu,Minimalist,Online only,,https://tamupants.com/,,https://tamupants.com/cdn/shop/files/TAMU_30_09_251430_c6b7a48f-dd1c-4697-a76b-6861dc9dfec8.jpg?v=1767294266&width=1206,"Founder Tami made her first pieces for herself, out of a need for clothing that felt cal…"
Amare,Minimalist,Online only,,https://amare.store/,,https://amare.store/cdn/shop/files/amare-11.9.25-0738_BLUE.jpg?v=1780044912&width=5000,"A home for timeless fashion, born from a love of meticulous design, clean lines, and unc…"
Halel,Jewelry; Minimalist; Artisan,Online only,,https://www.halel.online/,,https://www.halel.online/wp-content/uploads/2026/01/E7BBED8F-6FAB-47E0-A58B-2141C6A0FAB3_1_201_a-scaled.jpeg,"Born from a love for subtle, minimalist design with attention to every detail."
Tami Chomsky,Minimalist,Online only,,https://www.tammichomski.com/,,,"Tel Aviv womenswear by Tami Chomsky, a Bezalel visual-communication graduate who founded…"
Salon Berlin,Streetwear; Minimalist; Unisex,Online only,,https://salonberlinstore.com/,,images/salon-berlin.png,"Founded in late 2007 to offer a comfortable, social alternative in Tel Aviv dressing. Ti…"
Kvish 1,Streetwear; Prints,Online only,,https://kvish1.co.il/,,https://kvish1.co.il/wp-content/uploads/2026/03/Cream-color-regular-fit-Miriam.png,"One road, for people who feel. A magazine living between Jerusalem and Tel Aviv, the rel…"
Foshu Studios,Minimalist; Swimwear; Unisex,Online only,,https://foshustudios.com/,@foshu__,https://foshustudios.com/cdn/shop/files/28.jpg?v=1780225914,"A contemporary label for women and men, clean, current collections spanning swimwear, dr…"
Vivo,Minimalist; Streetwear,Online only,,https://vivoofficial.com/,,https://vivoofficial.com/cdn/shop/collections/summer-25-265474.png?v=1759076474&width=1000,"Clean, minimal, and international, with quality that speaks for itself. Inspired by life…"
Taanug,Streetwear; Prints,Online only,,https://www.taanugshop.com/,,https://assets.bigcartel.com/product_images/402709752/ido_cam-4.jpg?auto=format&fit=max&w=2000,"An innovative, kicking brand that grew out of a drunken night among a group of friends f…"
Rotma,Minimalist; Artisan,Online only,,https://www.rotmaas.com/,,https://vzsycshnkqbotiurewfz.supabase.co/storage/v1/object/public/product-images/1780509219209-929612011.jpeg,"Crafted in Tel Aviv, inspired by classic European elegance. Rotma makes thoughtfully mad…"
Kimos,Artisan; Minimalist; Natural Fabrics; Unisex,Online only,,https://www.kimos.co.il/,@kimos_il,https://www.kimos.co.il/cdn/shop/files/IMG_0666.jpg?v=1743650223&width=1346,"A modern resort-wear label of handmade, limited-edition kimonos and sets in 100% organic…"
Moma,Minimalist; Luxury,Online only,,https://www.momafashion.co.il/,,https://d3m9l0v76dty0.cloudfront.net/system/photos/23951143/extra_large/ff87653081b89097379fd5ba5496c207.jpg,"Precise pieces and timeless designs, and above all flattering cuts, classic and clean to…"
Pupik,Streetwear; Edgy; Conceptual,Online only,,https://pupikstore.com/,,https://pupikstore.com/cdn/shop/files/bubu_racing_thoughts.jpg?v=1775937339&width=1680,"Active since 2014, Pupik started from making clothes the designer wanted to wear himself…"
Nani Lee,Prints; Size Inclusive,Online only,,https://www.nanilee.com/,,https://d3m9l0v76dty0.cloudfront.net/system/photos/11631947/extra_large/89b969cb356220e14440168123be78eb.jpg,"A family business, born from years of travel through the East and a love of its color. B…"
Campy Street,Streetwear; Menswear,Online only,,https://campystreet.com/,@campy.il,https://campystreet.com/cdn/shop/files/FullSizeRender_056494a2-04c8-4044-a619-4855579bbd53.jpg?v=1780301662&width=1946,"A casual streetwear label and Jerusalem store, logo tees, shorts, tailored sets, denim…"
Lily and Lola Studio,Artisan; Prints,Online only,,https://lilyandlolastudio.com/,@lilyandlola___,https://lilyandlolastudio.com/cdn/shop/files/IMG-2770.png?v=1754240341,"An art studio, not a fashion store, creating one-of-a-kind wearable pieces, a single pai…"
Edit,Streetwear; Menswear,Online only,,https://editstyle.co.il/,@edit.official.style,https://editstyle.co.il/cdn/shop/files/0C45C966-6C82-480A-8836-95E8D49531CB.jpg?v=1779432473&width=3840,"A streetwear label built around the oversized fit, EDIT CLUB graphic tees, relaxed cargo…"
Partizano,Menswear; Streetwear,Online only,,https://www.partizano.co.il/,,https://www.partizano.co.il/cdn/shop/files/A139523B-7695-404B-A446-5A41DCEBC779.jpg?v=1777415731&width=3840,"A men's fashion label and store of relaxed, on-trend essentials, tees, shorts, jeans, ho…"
Under the Rock,Minimalist; Denim,Online only,,https://www.undertherock.co.il/,,"https://static.wixstatic.com/media/dba34c_6a8cc64329eb4097ba79bab6a490fe69~mv2.jpg/v1/fill/w_516,h_774,al_c,q_85,usm_0.66_1.00_0.01,enc_avif,quality_auto/dba34c_6a8cc64329eb4097ba79bab6a490fe69~mv2.jpg","Precise design, years of denim expertise, and production built on some of the world's fi…"
Disrupted Fashion Lab,Conceptual,Online only,,https://disruptedfashionlab.com/,,https://disruptedfashionlab.com/cdn/shop/files/504ECFA2-CD4A-4236-A33E-E4A1C543EAAB.jpg?v=1779202858&width=3840,A conceptual fashion label working at the edge of clothing and art.
Haarchion,Prints; Streetwear,Online only,,https://haarchion.myshopify.com/,,https://haarchion.myshopify.com/cdn/shop/files/DSC_0017_38616bbe-e018-4a96-a3e8-9369e87c2927.jpg?v=1779399116&width=2890,"A house of graphics and print, graphic tees, posters, totes, and goods stamped with orig…"
Ben Ben Studio,Menswear; Minimalist; Sustainable,Online only,,https://benben-studio.com/,,https://benben-studio.com/cdn/shop/files/ben_ben_studio_scarf_FW2600011.jpg?v=1776943208&width=1500,"Timeless menswear drawing on nature - the ocean, desert-meets-Viking style with subtle e…"
Mirza,Menswear; Luxury,Online only,,https://mirza-il.co.il/,@mirza_by_naor,https://mirza-il.co.il/wp-content/uploads/2026/04/mirza-042369-scaled.jpg,"Men's fashion by Naor Aharon, founded 2016, one of the only men's studios in Israel that…"
Tomer Landau,Artisan; Minimalist; Natural Fabrics,Online only,,https://tomer-landau.com/,,https://tomer-landau.com/cdn/shop/files/f2680c9c7b6683e1c1244c5647628121.jpg?v=1777805076&width=5000,"Where fashion meets passion and art. A labour of love: flawless designed clothing, hand-…"
Eclat Chic,Minimalist,Online only,,https://www.eclatchic.shop/,,"https://static.wixstatic.com/media/a1b871_e8bc935d70904d8183a0d3711b03d87a~mv2.jpg/v1/fill/w_996,h_1496,al_c,q_85,usm_0.66_1.00_0.01,enc_avif,quality_auto/a1b871_e8bc935d70904d8183a0d3711b03d87a~mv2.jpg","A womenswear label of considered, contemporary pieces."
Northern Star,Prints; Size Inclusive,Online only,,https://northern-star.co.il/he,,https://northern-star.co.il/cdn/shop/files/0T8A8180.jpg?format=pjpg&v=1779090700&width=2048,"Founded in 2012 by Shenkar graduate Nadav Rosenberg, known for innovative textile design…"
KPRA,Streetwear; Edgy; Prints,Online only,,https://kpraonu.com/,@kpra_onu,https://kpraonu.com/cdn/shop/files/DSC05583.jpg?v=1764438503&width=3840,"KPRA ON YOU. A young Tel Aviv streetwear label of graphic tees, jeans, and tembel hats s…"
Mia Luz,Prints,Online only,,https://mia-luz.com/,@mia___luz,https://mia-luz.com/wp-content/uploads/2026/05/IMG_3577-1-scaled.jpg,"Resort womenswear for those who find beauty in the details, rich textures, distinctive c…"
Roni Arbiv,Minimalist,Online only,,https://roniarbiv.com/,,https://roniarbiv.com/cdn/shop/files/2wszqIfA_3d4129b3-c709-4ca2-9b0d-fef41c5e5c79.jpg?v=1776265151&width=800,"Made in Israel, for women who know who they are. Collections built on basics with a twis…"
Ofer Dabush,Conceptual,Online only,,https://oferdabush.com/,,https://oferdabush.com/cdn/shop/files/6L1A8781-3-store-edit-STORE.jpg?v=1778694285&width=1500,"Dabush is a publishing house, design studio, and brand based in Tel Aviv."
Ainker,Streetwear; Luxury,In Person,"5 Yordei HaSira St, Tel Aviv (+1 more)",https://ainker.com/,,https://ainker.com/cdn/shop/files/WhatsApp_Image_2026-06-04_at_08.41.54.jpg?v=1780554879,Fusing premium craftsmanship and bold design with urban attitude. The philosophy: ART TO…
Yara Design,Prints,Online only,,https://www.yaradesign.co.il/,,"https://static.wixstatic.com/media/2f0008_0dac43e1cb854eefab387c9514fd37a4~mv2.jpg/v1/fill/w_560,h_854,al_c,q_85,usm_0.66_1.00_0.01,enc_avif,quality_auto/2f0008_0dac43e1cb854eefab387c9514fd37a4~mv2.jpg",A home clothing studio turned flower-inspired concept store in Kibbutz Amir. Out of a lo…
Noyka,Swimwear; Prints; Size Inclusive,Online only,,https://www.noyka.co.il/,,https://www.noyka.co.il/cdn/shop/files/SAP08515.jpg?v=1762946021&width=1240,"Swimwear designed around the real, active woman's body, the kind that changes with age a…"
Berni,Activewear; Minimalist; Unisex,Online only,,https://www.berni.co.il/,,https://www.berni.co.il/cdn/shop/files/Berni_38.jpg?v=1754929715&width=2496,"Wear less, feel more. Athleisure for women and men in an earthy, pared-back palette, spo…"
Cocoral,Minimalist; Prints; Unisex,Online only,,https://cocoral.co.il/,,https://cdn.quick-shop.co.il/uploads/coco/68ab2d736203e.webp,"An everyday-casual label for the whole family, women, men, and kids, known for its famil…"
Hagara,Size Inclusive; Minimalist,Online only,,https://www.hagara.co.il/,,https://www.hagara.co.il/cdn/shop/files/IMG_8702.jpg?v=1780516333&width=5000,"A contemporary fashion house dressing women in sizes 38–54, current, trend-driven, and d…"
Hane,Streetwear; Prints,Online only,,https://www.haneofficial.com/,,"https://static.wixstatic.com/media/8739ae_8d6b2ddc138e4609bf5031692bd5d92a~mv2.jpg/v1/fill/w_838,h_1117,q_90,enc_avif,quality_auto/8739ae_8d6b2ddc138e4609bf5031692bd5d92a~mv2.jpg","Not just a t-shirt. Born from a love of the sea, of making, and of freedom, Hane creates…"
Historic,Activewear; Streetwear; Unisex,Online only,,https://www.historiclub.com/,,"https://res.cloudinary.com/do3thjnjs/image/upload/f_auto,q_auto:best,dpr_auto/v1778235635/products/shhfcw5mlwlti1eai7ut.jpg","A unisex activewear brand built on an obsessive eye for quality, every piece designed do…"
Hot Seasons,Streetwear,Online only,,https://hotseasons.co/,,https://hotseasons.co/cdn/shop/files/hot_seasonesfirst6932.jpg?v=1758094289&width=1000,"No labels, just legacy. A streetwear label built on drops, graphic tees, cargos, polos…"
Hot Tuna,Minimalist; Swimwear; Footwear,Online only,,https://www.hotuna.co.il/,,"https://static.wixstatic.com/media/9d5411_098b867cb65041749342c62092d40cd4~mv2.jpeg/v1/fill/w_942,h_1410,al_c,q_85,usm_0.66_1.00_0.01/9d5411_098b867cb65041749342c62092d40cd4~mv2.jpeg","Born from a longing for quiet moments, freedom, and sun on bare skin. A brand with an ov…"
Naama Bezalel,Prints; Artisan; Legacy,In Person,"Studio Store, 6B Tfutsot Israel St, Givatayim",https://naamabezalel.com/,,https://naamabezalel.com/wp-content/uploads/2024/07/%D7%A9%D7%9E%D7%9C%D7%AA-%D7%94%D7%99%D7%99%D7%93%D7%99-%D7%9B%D7%AA%D7%95%D7%9D-%D7%A4%D7%A8%D7%97%D7%99%D7%9D-8.jpg,"Take a jug of nostalgia, fold in romance, a little vintage, an intense love of colour an…"
Reverb Outfitters,Activewear; Minimalist,Online only,,https://reverboutfitters.com/,,https://reverboutfitters.com/cdn/shop/files/IMG_5362.jpg?v=1775498889&width=2000,"Everyday, everywhere. High-performance activewear built for comfort and durability, star…"
Ronen Chen,Minimalist; Artisan; Legacy,In Person,"155 Dizengoff St, Tel Aviv (+1 more)",https://ronenchen.co.il/,,https://ronenchen.co.il/cdn/shop/files/14294_32065_4.jpg?v=1776068984&width=800,"A cornerstone of Israeli fashion for over three decades. After a 1990 trip to Japan, Ron…"
Shiruetto,Minimalist; Prints,In Person,"1 Hazait St, Caesarea",https://shiruetto.com/,,https://shiruetto.com/cdn/shop/files/1B2A3359_1024x1024.jpg?v=1779000970,"Silhouette in Japanese. A minimalist womenswear brand based in Caesarea, launched in 201…"
Tovale+,Luxury; Artisan; Legacy,In Person,"103 Rothschild Blvd, Tel Aviv",https://tovale.fashion/,,https://tovale.fashion/wp-content/uploads/2025/11/IMG_4883-%D7%AA%D7%9E%D7%A8-%D7%A2%D7%A8%D7%95%D7%9A-%D7%A1%D7%95%D7%A4%D7%99%D7%AA%D7%99%D7%AA-NR-scaled.jpg,"For more than three decades, Tovale+ has embodied the artistic spirit of Israel through…"
Razili,Minimalist; Artisan; Legacy,Online only,,https://www.razili.co.il/,,https://www.razili.co.il/cdn/shop/files/R23271420023_2.jpg?v=1747573955&width=1800,"A curated fashion house and chain founded in 1990, gathering the most coveted designer p…"
Lahover,Jewelry; Artisan,Online only,,https://lahoverjewelry.com/,,https://lahoverjewelry.com/cdn/shop/files/7.jpg?v=1739952474&width=800,"Adi & Shay Lahover, Tel Aviv jewelers with over 40 years of experience, handcraft one-of…"
AKA Rock,Artisan; Prints,Online only,,https://facebook.com/AKAembroidery,,assets/aka-embroidery.png,"Hand-embroidered wearable art by Avigail Kolker (AKA Rock), intricate thread drawings st…"
Mother of All,Luxury,Online only,,https://www.mother-ofall.co.il/,,https://www.mother-ofall.co.il/cdn/shop/files/PAPPERWRAPTOPbrown1.png?v=1772016716&width=600,"A womenswear label launched in 2018 by Noa Pasternak and Golan Taub, inspired by Eve, fe…"
Sabina Musayev,Luxury,Online only,,https://sabinamusayev.com/,,https://sabinamusayev.com/cdn/shop/files/SUMMER_26_-_DROP_3_Campaign_8.jpg?v=1777883766,"High-quality, beautifully cut pieces made to be worn forever. Sabina Musayev's collectio…"
Vanzen,Minimalist,Online only,,https://vanzen.co.il/,,https://cdn-dcaen.nitrocdn.com/HfsNYnKRLsqfLQlkujxtgmjkyrcuJuTQ/assets/images/optimized/rev-d9612c3/vanzen.co.il/wp-content/uploads/2026/02/Summer-Fashion.jpg,"Where style meets serenity. 'VAN' for the sophisticated, innovative spirit of Holland; '…"
Two Tone,Size Inclusive; Sustainable; Minimalist,Online only,,https://www.twotone.co.il/,,https://www.twotone.co.il/wp-content/uploads/2025/04/Gemini_Generated_Image_a540j3a540j3a540-scaled.png,"Founded in 2014 by Zohar Kalev and Shimon Azkiel, womenswear on a mission, so a woman ch…"
Noritamy,Jewelry; Artisan,Online only,,https://www.noritamy.com/,,https://www.noritamy.com/cdn/shop/files/pivot-tie-necklace-21005.jpg?v=1773826251&width=1800,"Fashion jewelry handmade in the studio, so no two pieces are exactly alike. Every piece…"
AP by Amit Philip,Minimalist,Online only,,https://apbyamitphilip.com/,,https://apbyamitphilip.com/wp-content/uploads/2026/05/3.jpg,"Established in 2020 by Amit Philip, a blue-and-white local production designed and made…"
Danit Peleg,Conceptual; Sustainable,Online only,,https://www.danitpeleg.com/,,https://framerusercontent.com/modules/78mlRgZGG1O5heCCgii7/3LCPgybyfsHliFcnGvi6/assets/4096/HNzcrt0yCBoLh6T1BBzVR92Xo.jpeg,"A pioneer in 3D-printed fashion, the first designer in the world to create an entire col…"
Masada Jeans,Sustainable; Artisan; Denim,Online only,,https://masadajeans.com/,,https://masadajeans.com/cdn/shop/files/5.jpg?v=1737395667&width=1600,Designer Laurent David Vannucci travels the Earth and the seven seas for rare vintage de…
Idol Studios,Streetwear; Luxury,Online only,,https://www.idolstudios.co/,,https://www.idolstudios.co/cdn/shop/files/81E320E5-FD62-4E91-841C-B1DD828801D0.jpg?v=1779305888&width=1680,"Israeli luxury streetwear inspired by Jewish heritage, history, and cultural symbols. Li…"
Yifat Finkelstein,Menswear; Minimalist; Natural Fabrics,Online only,,https://yifatfinkelshtein.com/,,https://cdn.shopify.com/s/files/1/0568/9504/5817/files/YF14052025__S_70.jpg?v=1777283132,"A menswear label rooted in ease, structure, and quiet precision. Soft tailoring, natural…"
Latto Velara,Prints; Streetwear,Online only,,https://lattovelara.com/,,https://i0.wp.com/lattovelara.com/wp-content/uploads/2023/01/The-odd-one-hoodie-0001.jpg?fit=838%2C1100&ssl=1,"An illustrated wearable-art world by artist Ori Zlotnik, bold all-over prints across clo…"
The Fluff,Lingerie; Minimalist,In Person,"8 HaHashmal St, Tel Aviv",https://the-fluff.com/,,https://the-fluff.com/cdn/shop/files/AR6A3294_225d787a-cc1d-4906-a89d-2f27a513a16f_900x.jpg?v=1780473531,"Soft, comfortable, desirable lingerie and tops for the queens of everyday life, designed…"
BIV Street,Footwear; Minimalist,In Person,"74 Nahalat Binyamin, Tel Aviv",https://bivstreet.com/,,https://bivstreet.com/cdn/shop/files/bP4sitJK80OemhKazE9kRQ.png?v=1777894195&width=750,"A family business born from years of art, design, and the footwear industry. BIV makes a…"
Hoko,Minimalist,In Person,"7 Nitzana St, Tel Aviv-Jaffa",https://www.hoko-studio.com/,@hokostudio,"https://static.wixstatic.com/media/e98843_c7ab643fbf704fedb15a99f6f64cc185~mv2.jpg/v1/fill/w_1134,h_1700,q_90,enc_avif,quality_auto/e98843_c7ab643fbf704fedb15a99f6f64cc185~mv2.jpg","Womenswear by Hagit Hazan, founded in 2010 after she graduated from Bezalel Academy of A…"
Lokita,Minimalist; Prints,Online only,,https://lokita.co.il/,,https://lokita.co.il/wp-content/uploads/2026/05/TALZ0498-600x873.jpg,Womenswear with a 'blue-and-white' soul by designer Moran Avraham. Precise oversized cut…
Not For Sale,Streetwear; Edgy,Online only,,https://notforsaletlv.com/,@notforsale_tlv,https://notforsaletlv.com/cdn/shop/files/230222-125153_Jpgbest.jpg?v=1706660358&width=1080,"NFS, a Tel Aviv streetwear institution, both a store stocking global street and sneaker…"
Foof,Swimwear; Artisan,Online only,,https://foof.co.il/,@foof_swimwear,https://twik.co.il/wp-content/uploads/jet-form-builder/8ed20e4e523dd00ff846e2240d20177d/2026/03/%D7%AA%D7%9E%D7%95%D7%A0%D7%95%D7%AA-%D7%9C%D7%90%D7%AA%D7%A8-%D7%91%D7%92%D7%95%D7%93%D7%9C-%D7%94%D7%A0%D7%9B%D7%95%D7%9F-%D7%AA%D7%9E%D7%95%D7%A0%D7%AA-%D7%A0%D7%95%D7%A9%D7%90-%D7%9C-Book-Creator-%D7%A8%D7%99%D7%91%D7%95%D7%A2-36-1024x1024.jpeg,"Handmade swimwear and beachwear founded by Ofir Baram Manor, built so every woman finds…"
Mundo,Swimwear; Prints; Unisex,Online only,,https://mundobeachwear.com/,@mundo_beachwear,https://mundobeachwear.com/cdn/shop/files/IMG_0239.jpg?v=1773173421,Born from a journey across the globe and inspired by secluded beaches and nature's wilde…
Hush Studio,Jewelry; Artisan,Online only,,https://www.hushstudioo.com/,@hush.studiio,"https://static.wixstatic.com/media/604ad9_ddb84176ecd440d2a6f0a498e94d57cf~mv2.jpeg/v1/fill/w_413,h_500,al_c,q_80,usm_0.66_1.00_0.01,enc_avif,quality_auto/DSCF2729.jpeg","A handmade jewelry studio of earrings, necklaces, bracelets, and rings, spanning a wabi-…"
Keren Mualem,Prints; Accessories,Online only,,https://www.kerenmualem.com/,@kerenmualem,https://cdn.cashcow.co.il/images/c5b9dcb8-6853-4909-b5fd-887289df92f8_500.webp,"A vibrant, art-driven label of boldly printed clothing, shoes, bags, and statement headb…"
Akal,Artisan; Sustainable,Online only,,https://www.akalonline.com/en,@akalstudio_,https://www.akalonline.com/cdn/shop/files/hidra13053copy.jpg?v=1778057302&width=5000,By designer Michal Mangisto. A timeless collection where each garment tells a story of l…
Addict,Contemporary; Ready-to-Wear,In Person,"9 HaMa'avak St, Ramat HaSharon",https://addictonline.co.il/,@addict_o.n,https://addictonline.co.il/cdn/shop/files/2G6A4398_d1b7d598-08a7-44a2-950a-c328da8cb1f2_700x.jpg?v=1779703884,"A trend-driven online fashion label for women, tops, tailored suits, dresses, jumpsuits…"
Itay Brands,Minimalist; Unisex; Menswear,Online only,,https://itaybrands.co.il/,,https://itaybrands.co.il/cdn/shop/files/868b1d6cd000aa1901415efa6dab312b.jpg?crop=center&height=1018&v=1763904574&width=1410,"It's all about the basics. Sharp, affordable everyday wear for women and men, clean cuts…"